<collection xmlns="http://exist.sourceforge.net/NS/exist" name="/db/apps/doc/data/devguide_rest/listings" version="1" owner="SYSTEM" group="dba" mode="755" created="2021-12-31T06:13:49.404Z">
    <acl entries="0" version="1"/>
    <resource type="XMLResource" name="listing-7.xml" skip="no" owner="SYSTEM" group="dba" mode="644" created="2021-12-31T06:13:49.405Z" modified="2021-12-31T06:13:49.405Z" filename="listing-7.xml" mimetype="application/xml">
        <acl entries="0" version="1"/>
    </resource>
    <resource type="XMLResource" name="listing-3.xml" skip="no" owner="SYSTEM" group="dba" mode="644" created="2021-12-31T06:13:49.408Z" modified="2021-12-31T06:13:49.408Z" filename="listing-3.xml" mimetype="application/xml">
        <acl entries="0" version="1"/>
    </resource>
    <resource type="XMLResource" name="listing-9.xml" skip="no" owner="SYSTEM" group="dba" mode="644" created="2021-12-31T06:13:49.41Z" modified="2021-12-31T06:13:49.41Z" filename="listing-9.xml" mimetype="application/xml">
        <acl entries="0" version="1"/>
    </resource>
    <resource type="BinaryResource" name="listing-10.txt" skip="no" owner="SYSTEM" group="dba" mode="644" created="2021-12-31T06:13:49.406Z" modified="2021-12-31T06:13:49.406Z" filename="listing-10.txt" mimetype="text/plain">
        <acl entries="0" version="1"/>
    </resource>
    <resource type="BinaryResource" name="listing-8.txt" skip="no" owner="SYSTEM" group="dba" mode="644" created="2021-12-31T06:13:49.411Z" modified="2021-12-31T06:13:49.411Z" filename="listing-8.txt" mimetype="text/plain">
        <acl entries="0" version="1"/>
    </resource>
    <resource type="BinaryResource" name="listing-6.txt" skip="no" owner="SYSTEM" group="dba" mode="644" created="2021-12-31T06:13:49.414Z" modified="2021-12-31T06:13:49.414Z" filename="listing-6.txt" mimetype="text/plain">
        <acl entries="0" version="1"/>
    </resource>
</collection>