<collection xmlns="http://exist.sourceforge.net/NS/exist" name="/db/apps/doc/data/beginners-guide-to-xrx-v4/assets" version="1" owner="SYSTEM" group="dba" mode="755" created="2021-12-31T06:13:49.118Z">
    <acl entries="0" version="1"/>
    <resource type="BinaryResource" name="list-items-no-links.png" skip="no" owner="SYSTEM" group="dba" mode="644" created="2021-12-31T06:13:49.119Z" modified="2021-12-31T06:13:49.119Z" filename="list-items-no-links.png" mimetype="image/png">
        <acl entries="0" version="1"/>
    </resource>
    <resource type="BinaryResource" name="reindex-result.png" skip="no" owner="SYSTEM" group="dba" mode="644" created="2021-12-31T06:13:49.121Z" modified="2021-12-31T06:13:49.121Z" filename="reindex-result.png" mimetype="image/png">
        <acl entries="0" version="1"/>
    </resource>
    <resource type="BinaryResource" name="list-items-links.png" skip="no" owner="SYSTEM" group="dba" mode="644" created="2021-12-31T06:13:49.122Z" modified="2021-12-31T06:13:49.122Z" filename="list-items-links.png" mimetype="image/png">
        <acl entries="0" version="1"/>
    </resource>
    <resource type="BinaryResource" name="search-results.png" skip="no" owner="SYSTEM" group="dba" mode="644" created="2021-12-31T06:13:49.124Z" modified="2021-12-31T06:13:49.124Z" filename="search-results.png" mimetype="image/png">
        <acl entries="0" version="1"/>
    </resource>
    <resource type="BinaryResource" name="view-item.png" skip="no" owner="SYSTEM" group="dba" mode="644" created="2021-12-31T06:13:49.126Z" modified="2021-12-31T06:13:49.126Z" filename="view-item.png" mimetype="image/png">
        <acl entries="0" version="1"/>
    </resource>
    <resource type="BinaryResource" name="index.png" skip="no" owner="SYSTEM" group="dba" mode="644" created="2021-12-31T06:13:49.128Z" modified="2021-12-31T06:13:49.128Z" filename="index.png" mimetype="image/png">
        <acl entries="0" version="1"/>
    </resource>
    <resource type="BinaryResource" name="search.png" skip="no" owner="SYSTEM" group="dba" mode="644" created="2021-12-31T06:13:49.13Z" modified="2021-12-31T06:13:49.13Z" filename="search.png" mimetype="image/png">
        <acl entries="0" version="1"/>
    </resource>
    <resource type="BinaryResource" name="model-view-bindings.png" skip="no" owner="SYSTEM" group="dba" mode="644" created="2021-12-31T06:13:49.133Z" modified="2021-12-31T06:13:49.133Z" filename="model-view-bindings.png" mimetype="image/png">
        <acl entries="0" version="1"/>
    </resource>
</collection>