<collection xmlns="http://exist.sourceforge.net/NS/exist" name="/db/apps/doc/data/java-admin-client/assets" version="1" owner="SYSTEM" group="dba" mode="755" created="2021-12-31T06:13:47.326Z">
    <acl entries="0" version="1"/>
    <resource type="BinaryResource" name="client2.png" skip="no" owner="SYSTEM" group="dba" mode="644" created="2021-12-31T06:13:47.327Z" modified="2021-12-31T06:13:47.327Z" filename="client2.png" mimetype="image/png">
        <acl entries="0" version="1"/>
    </resource>
    <resource type="BinaryResource" name="client3.png" skip="no" owner="SYSTEM" group="dba" mode="644" created="2021-12-31T06:13:47.329Z" modified="2021-12-31T06:13:47.329Z" filename="client3.png" mimetype="image/png">
        <acl entries="0" version="1"/>
    </resource>
    <resource type="BinaryResource" name="client1.png" skip="no" owner="SYSTEM" group="dba" mode="644" created="2021-12-31T06:13:47.331Z" modified="2021-12-31T06:13:47.331Z" filename="client1.png" mimetype="image/png">
        <acl entries="0" version="1"/>
    </resource>
</collection>