<collection xmlns="http://exist.sourceforge.net/NS/exist" name="/db/apps/doc/data/indexing/listings" version="1" owner="SYSTEM" group="dba" mode="755" created="2021-12-31T06:13:48.281Z">
    <acl entries="0" version="1"/>
    <resource type="XMLResource" name="listing-3.xml" skip="no" owner="SYSTEM" group="dba" mode="644" created="2021-12-31T06:13:48.282Z" modified="2021-12-31T06:13:48.282Z" filename="listing-3.xml" mimetype="application/xml">
        <acl entries="0" version="1"/>
    </resource>
    <resource type="XMLResource" name="listing-8.xml" skip="no" owner="SYSTEM" group="dba" mode="644" created="2021-12-31T06:13:48.285Z" modified="2021-12-31T06:13:48.285Z" filename="listing-8.xml" mimetype="application/xml">
        <acl entries="0" version="1"/>
    </resource>
    <resource type="XMLResource" name="listing-4.xml" skip="no" owner="SYSTEM" group="dba" mode="644" created="2021-12-31T06:13:48.286Z" modified="2021-12-31T06:13:48.286Z" filename="listing-4.xml" mimetype="application/xml">
        <acl entries="0" version="1"/>
    </resource>
</collection>