<collection xmlns="http://exist.sourceforge.net/NS/exist" name="/db/apps/doc/data/properties/listings" version="1" owner="SYSTEM" group="dba" mode="755" created="2021-12-31T06:13:49.451Z">
    <acl entries="0" version="1"/>
    <resource type="XMLResource" name="existconf.xml" skip="no" owner="SYSTEM" group="dba" mode="644" created="2021-12-31T06:13:49.452Z" modified="2021-12-31T06:13:49.452Z" filename="existconf.xml" mimetype="application/xml">
        <acl entries="0" version="1"/>
    </resource>
    <resource type="XMLResource" name="mavenconf.xml" skip="no" owner="SYSTEM" group="dba" mode="644" created="2021-12-31T06:13:49.456Z" modified="2021-12-31T06:13:49.456Z" filename="mavenconf.xml" mimetype="application/xml">
        <acl entries="0" version="1"/>
    </resource>
    <resource type="BinaryResource" name="compose.yml" skip="no" owner="SYSTEM" group="dba" mode="644" created="2021-12-31T06:13:49.453Z" modified="2021-12-31T06:13:49.453Z" filename="compose.yml" mimetype="application/octet-stream">
        <acl entries="0" version="1"/>
    </resource>
    <resource type="BinaryResource" name="docker.txt" skip="no" owner="SYSTEM" group="dba" mode="644" created="2021-12-31T06:13:49.457Z" modified="2021-12-31T06:13:49.457Z" filename="docker.txt" mimetype="text/plain">
        <acl entries="0" version="1"/>
    </resource>
    <resource type="BinaryResource" name="xquery.txt" skip="no" owner="SYSTEM" group="dba" mode="644" created="2021-12-31T06:13:49.459Z" modified="2021-12-31T06:13:49.459Z" filename="xquery.txt" mimetype="text/plain">
        <acl entries="0" version="1"/>
    </resource>
</collection>