<collection xmlns="http://exist.sourceforge.net/NS/exist" name="/db/apps/doc/data/oldrangeindex/listings" version="1" owner="SYSTEM" group="dba" mode="755" created="2021-12-31T06:13:48.256Z">
    <acl entries="0" version="1"/>
    <resource type="XMLResource" name="listing-2.xml" skip="no" owner="SYSTEM" group="dba" mode="644" created="2021-12-31T06:13:48.257Z" modified="2021-12-31T06:13:48.257Z" filename="listing-2.xml" mimetype="application/xml">
        <acl entries="0" version="1"/>
    </resource>
    <resource type="XMLResource" name="listing-1.xml" skip="no" owner="SYSTEM" group="dba" mode="644" created="2021-12-31T06:13:48.262Z" modified="2021-12-31T06:13:48.262Z" filename="listing-1.xml" mimetype="application/xml">
        <acl entries="0" version="1"/>
    </resource>
    <resource type="BinaryResource" name="listing-9.txt" skip="no" owner="SYSTEM" group="dba" mode="644" created="2021-12-31T06:13:48.259Z" modified="2021-12-31T06:13:48.259Z" filename="listing-9.txt" mimetype="text/plain">
        <acl entries="0" version="1"/>
    </resource>
</collection>