<collection xmlns="http://exist.sourceforge.net/NS/exist" name="/db/apps/doc/data/advanced-installation/listings" version="1" owner="SYSTEM" group="dba" mode="755" created="2021-12-31T06:13:48.522Z">
    <acl entries="0" version="1"/>
    <resource type="BinaryResource" name="listing-5.txt" skip="no" owner="SYSTEM" group="dba" mode="644" created="2021-12-31T06:13:48.523Z" modified="2021-12-31T06:13:48.523Z" filename="listing-5.txt" mimetype="text/plain">
        <acl entries="0" version="1"/>
    </resource>
    <resource type="BinaryResource" name="listing-1.txt" skip="no" owner="SYSTEM" group="dba" mode="644" created="2021-12-31T06:13:48.526Z" modified="2021-12-31T06:13:48.526Z" filename="listing-1.txt" mimetype="text/plain">
        <acl entries="0" version="1"/>
    </resource>
    <resource type="BinaryResource" name="listing-4.txt" skip="no" owner="SYSTEM" group="dba" mode="644" created="2021-12-31T06:13:48.528Z" modified="2021-12-31T06:13:48.528Z" filename="listing-4.txt" mimetype="text/plain">
        <acl entries="0" version="1"/>
    </resource>
    <resource type="BinaryResource" name="listing-2.txt" skip="no" owner="SYSTEM" group="dba" mode="644" created="2021-12-31T06:13:48.531Z" modified="2021-12-31T06:13:48.531Z" filename="listing-2.txt" mimetype="text/plain">
        <acl entries="0" version="1"/>
    </resource>
    <resource type="BinaryResource" name="listing-3.txt" skip="no" owner="SYSTEM" group="dba" mode="644" created="2021-12-31T06:13:48.533Z" modified="2021-12-31T06:13:48.533Z" filename="listing-3.txt" mimetype="text/plain">
        <acl entries="0" version="1"/>
    </resource>
    <resource type="BinaryResource" name="listing-6.txt" skip="no" owner="SYSTEM" group="dba" mode="644" created="2021-12-31T06:13:48.534Z" modified="2021-12-31T06:13:48.534Z" filename="listing-6.txt" mimetype="text/plain">
        <acl entries="0" version="1"/>
    </resource>
</collection>