<collection xmlns="http://exist.sourceforge.net/NS/exist" name="/db/apps/doc/data/jmx/listings" version="1" owner="SYSTEM" group="dba" mode="755" created="2021-12-31T06:13:48.472Z">
    <acl entries="0" version="1"/>
    <resource type="XMLResource" name="listing-8.xml" skip="no" owner="SYSTEM" group="dba" mode="644" created="2021-12-31T06:13:48.478Z" modified="2021-12-31T06:13:48.478Z" filename="listing-8.xml" mimetype="application/xml">
        <acl entries="0" version="1"/>
    </resource>
    <resource type="XMLResource" name="listing-10.xml" skip="no" owner="SYSTEM" group="dba" mode="644" created="2021-12-31T06:13:48.479Z" modified="2021-12-31T06:13:48.479Z" filename="listing-10.xml" mimetype="application/xml">
        <acl entries="0" version="1"/>
    </resource>
    <resource type="XMLResource" name="listing-11.xml" skip="no" owner="SYSTEM" group="dba" mode="644" created="2021-12-31T06:13:48.481Z" modified="2021-12-31T06:13:48.481Z" filename="listing-11.xml" mimetype="application/xml">
        <acl entries="0" version="1"/>
    </resource>
    <resource type="BinaryResource" name="listing-1.txt" skip="no" owner="SYSTEM" group="dba" mode="644" created="2021-12-31T06:13:48.473Z" modified="2021-12-31T06:13:48.473Z" filename="listing-1.txt" mimetype="text/plain">
        <acl entries="0" version="1"/>
    </resource>
    <resource type="BinaryResource" name="listing-2.txt" skip="no" owner="SYSTEM" group="dba" mode="644" created="2021-12-31T06:13:48.482Z" modified="2021-12-31T06:13:48.482Z" filename="listing-2.txt" mimetype="text/plain">
        <acl entries="0" version="1"/>
    </resource>
</collection>