<?xml version="1.0" encoding="UTF-8"?>
<jmx:jmx xmlns:jmx="http://exist-db.org/jmx">
  <jmx:MemoryImpl name="java.lang:type=Memory">
    <jmx:HeapMemoryUsage>
      <jmx:committed>
        128647168
      </jmx:committed>
      <jmx:init>
        134217728
      </jmx:init>
      <jmx:max>
        1908932608
      </jmx:max>
      <jmx:used>
        34854528
      </jmx:used>
    </jmx:HeapMemoryUsage>
    <jmx:NonHeapMemoryUsage>
      <jmx:committed>
        42008576
      </jmx:committed>
      <jmx:init>
        24313856
      </jmx:init>
      <jmx:max>
        138412032
      </jmx:max>
      <jmx:used>
        40648936
      </jmx:used>
    </jmx:NonHeapMemoryUsage>
    <jmx:ObjectPendingFinalizationCount>
      0
    </jmx:ObjectPendingFinalizationCount>
    <jmx:Verbose>
      false
    </jmx:Verbose>
  </jmx:MemoryImpl>
  <jmx:Database name="org.exist.management.exist:type=Database">
    <jmx:ReservedMem>
      671455641
    </jmx:ReservedMem>
    <jmx:ActiveBrokers>
      0
    </jmx:ActiveBrokers>
    <jmx:InstanceId>
      exist
    </jmx:InstanceId>
    <jmx:MaxBrokers>
      2
    </jmx:MaxBrokers>
    <jmx:AvailableBrokers>
      2
    </jmx:AvailableBrokers>
    <jmx:ActiveBrokersMap/>
    <jmx:CacheMem>
      268435456
    </jmx:CacheMem>
    <jmx:CollectionCacheMem>
      25165824
    </jmx:CollectionCacheMem>
  </jmx:Database>
</jmx:jmx>