<?xml version="1.0" encoding="UTF-8"?>
<jmx:jmx xmlns:jmx="http://exist-db.org/jmx">
  <jmx:error>
    no response on ping after 2000ms
  </jmx:error>
  <jmx:SanityReport name="org.exist.management.exist.tasks:type=SanityReport">
    <jmx:Status>
      PING_WAIT
    </jmx:Status>
    <jmx:LastCheckEnd/>
    <jmx:LastCheckStart/>
    <jmx:ActualCheckStart/>
    <jmx:LastActionInfo>
      Ping
    </jmx:LastActionInfo>
    <jmx:PingTime>
      -1
    </jmx:PingTime>
    <jmx:Errors/>
  </jmx:SanityReport>
  ...
</jmx:jmx>