<collection xmlns="http://exist.sourceforge.net/NS/exist" name="/db/apps/doc/data/ant-tasks/listings" version="1" owner="SYSTEM" group="dba" mode="755" created="2021-12-31T06:13:48.081Z">
    <acl entries="0" version="1"/>
    <resource type="XMLResource" name="listing-5.xml" skip="no" owner="SYSTEM" group="dba" mode="644" created="2021-12-31T06:13:48.082Z" modified="2021-12-31T06:13:48.082Z" filename="listing-5.xml" mimetype="application/xml">
        <acl entries="0" version="1"/>
    </resource>
    <resource type="XMLResource" name="listing-6.xml" skip="no" owner="SYSTEM" group="dba" mode="644" created="2021-12-31T06:13:48.083Z" modified="2021-12-31T06:13:48.083Z" filename="listing-6.xml" mimetype="application/xml">
        <acl entries="0" version="1"/>
    </resource>
    <resource type="XMLResource" name="listing-7.xml" skip="no" owner="SYSTEM" group="dba" mode="644" created="2021-12-31T06:13:48.085Z" modified="2021-12-31T06:13:48.085Z" filename="listing-7.xml" mimetype="application/xml">
        <acl entries="0" version="1"/>
    </resource>
    <resource type="XMLResource" name="listing-14.xml" skip="no" owner="SYSTEM" group="dba" mode="644" created="2021-12-31T06:13:48.086Z" modified="2021-12-31T06:13:48.086Z" filename="listing-14.xml" mimetype="application/xml">
        <acl entries="0" version="1"/>
    </resource>
    <resource type="XMLResource" name="listing-12.xml" skip="no" owner="SYSTEM" group="dba" mode="644" created="2021-12-31T06:13:48.087Z" modified="2021-12-31T06:13:48.087Z" filename="listing-12.xml" mimetype="application/xml">
        <acl entries="0" version="1"/>
    </resource>
    <resource type="XMLResource" name="listing-37.xml" skip="no" owner="SYSTEM" group="dba" mode="644" created="2021-12-31T06:13:48.088Z" modified="2021-12-31T06:13:48.088Z" filename="listing-37.xml" mimetype="application/xml">
        <acl entries="0" version="1"/>
    </resource>
    <resource type="XMLResource" name="listing-8.xml" skip="no" owner="SYSTEM" group="dba" mode="644" created="2021-12-31T06:13:48.092Z" modified="2021-12-31T06:13:48.092Z" filename="listing-8.xml" mimetype="application/xml">
        <acl entries="0" version="1"/>
    </resource>
    <resource type="XMLResource" name="listing-20.xml" skip="no" owner="SYSTEM" group="dba" mode="644" created="2021-12-31T06:13:48.093Z" modified="2021-12-31T06:13:48.093Z" filename="listing-20.xml" mimetype="application/xml">
        <acl entries="0" version="1"/>
    </resource>
    <resource type="XMLResource" name="listing-24.xml" skip="no" owner="SYSTEM" group="dba" mode="644" created="2021-12-31T06:13:48.094Z" modified="2021-12-31T06:13:48.094Z" filename="listing-24.xml" mimetype="application/xml">
        <acl entries="0" version="1"/>
    </resource>
    <resource type="XMLResource" name="listing-23.xml" skip="no" owner="SYSTEM" group="dba" mode="644" created="2021-12-31T06:13:48.095Z" modified="2021-12-31T06:13:48.095Z" filename="listing-23.xml" mimetype="application/xml">
        <acl entries="0" version="1"/>
    </resource>
    <resource type="XMLResource" name="listing-10.xml" skip="no" owner="SYSTEM" group="dba" mode="644" created="2021-12-31T06:13:48.096Z" modified="2021-12-31T06:13:48.096Z" filename="listing-10.xml" mimetype="application/xml">
        <acl entries="0" version="1"/>
    </resource>
    <resource type="XMLResource" name="listing-19.xml" skip="no" owner="SYSTEM" group="dba" mode="644" created="2021-12-31T06:13:48.097Z" modified="2021-12-31T06:13:48.097Z" filename="listing-19.xml" mimetype="application/xml">
        <acl entries="0" version="1"/>
    </resource>
    <resource type="XMLResource" name="listing-36.xml" skip="no" owner="SYSTEM" group="dba" mode="644" created="2021-12-31T06:13:48.098Z" modified="2021-12-31T06:13:48.098Z" filename="listing-36.xml" mimetype="application/xml">
        <acl entries="0" version="1"/>
    </resource>
    <resource type="XMLResource" name="listing-25.xml" skip="no" owner="SYSTEM" group="dba" mode="644" created="2021-12-31T06:13:48.099Z" modified="2021-12-31T06:13:48.099Z" filename="listing-25.xml" mimetype="application/xml">
        <acl entries="0" version="1"/>
    </resource>
    <resource type="XMLResource" name="listing-9.xml" skip="no" owner="SYSTEM" group="dba" mode="644" created="2021-12-31T06:13:48.1Z" modified="2021-12-31T06:13:48.1Z" filename="listing-9.xml" mimetype="application/xml">
        <acl entries="0" version="1"/>
    </resource>
    <resource type="XMLResource" name="listing-11.xml" skip="no" owner="SYSTEM" group="dba" mode="644" created="2021-12-31T06:13:48.101Z" modified="2021-12-31T06:13:48.101Z" filename="listing-11.xml" mimetype="application/xml">
        <acl entries="0" version="1"/>
    </resource>
    <resource type="XMLResource" name="listing-27.xml" skip="no" owner="SYSTEM" group="dba" mode="644" created="2021-12-31T06:13:48.102Z" modified="2021-12-31T06:13:48.102Z" filename="listing-27.xml" mimetype="application/xml">
        <acl entries="0" version="1"/>
    </resource>
    <resource type="XMLResource" name="listing-21.xml" skip="no" owner="SYSTEM" group="dba" mode="644" created="2021-12-31T06:13:48.102Z" modified="2021-12-31T06:13:48.102Z" filename="listing-21.xml" mimetype="application/xml">
        <acl entries="0" version="1"/>
    </resource>
    <resource type="XMLResource" name="listing-4.xml" skip="no" owner="SYSTEM" group="dba" mode="644" created="2021-12-31T06:13:48.103Z" modified="2021-12-31T06:13:48.103Z" filename="listing-4.xml" mimetype="application/xml">
        <acl entries="0" version="1"/>
    </resource>
    <resource type="XMLResource" name="listing-16.xml" skip="no" owner="SYSTEM" group="dba" mode="644" created="2021-12-31T06:13:48.104Z" modified="2021-12-31T06:13:48.104Z" filename="listing-16.xml" mimetype="application/xml">
        <acl entries="0" version="1"/>
    </resource>
    <resource type="XMLResource" name="listing-18.xml" skip="no" owner="SYSTEM" group="dba" mode="644" created="2021-12-31T06:13:48.105Z" modified="2021-12-31T06:13:48.105Z" filename="listing-18.xml" mimetype="application/xml">
        <acl entries="0" version="1"/>
    </resource>
    <resource type="XMLResource" name="listing-17.xml" skip="no" owner="SYSTEM" group="dba" mode="644" created="2021-12-31T06:13:48.11Z" modified="2021-12-31T06:13:48.11Z" filename="listing-17.xml" mimetype="application/xml">
        <acl entries="0" version="1"/>
    </resource>
    <resource type="XMLResource" name="listing-1.xml" skip="no" owner="SYSTEM" group="dba" mode="644" created="2021-12-31T06:13:48.113Z" modified="2021-12-31T06:13:48.113Z" filename="listing-1.xml" mimetype="application/xml">
        <acl entries="0" version="1"/>
    </resource>
    <resource type="XMLResource" name="listing-22.xml" skip="no" owner="SYSTEM" group="dba" mode="644" created="2021-12-31T06:13:48.114Z" modified="2021-12-31T06:13:48.114Z" filename="listing-22.xml" mimetype="application/xml">
        <acl entries="0" version="1"/>
    </resource>
    <resource type="XMLResource" name="listing-28.xml" skip="no" owner="SYSTEM" group="dba" mode="644" created="2021-12-31T06:13:48.115Z" modified="2021-12-31T06:13:48.115Z" filename="listing-28.xml" mimetype="application/xml">
        <acl entries="0" version="1"/>
    </resource>
    <resource type="XMLResource" name="listing-29.xml" skip="no" owner="SYSTEM" group="dba" mode="644" created="2021-12-31T06:13:48.116Z" modified="2021-12-31T06:13:48.116Z" filename="listing-29.xml" mimetype="application/xml">
        <acl entries="0" version="1"/>
    </resource>
    <resource type="XMLResource" name="listing-26.xml" skip="no" owner="SYSTEM" group="dba" mode="644" created="2021-12-31T06:13:48.117Z" modified="2021-12-31T06:13:48.117Z" filename="listing-26.xml" mimetype="application/xml">
        <acl entries="0" version="1"/>
    </resource>
    <resource type="XMLResource" name="listing-13.xml" skip="no" owner="SYSTEM" group="dba" mode="644" created="2021-12-31T06:13:48.118Z" modified="2021-12-31T06:13:48.118Z" filename="listing-13.xml" mimetype="application/xml">
        <acl entries="0" version="1"/>
    </resource>
    <resource type="BinaryResource" name="listing-15.txt" skip="no" owner="SYSTEM" group="dba" mode="644" created="2021-12-31T06:13:48.106Z" modified="2021-12-31T06:13:48.106Z" filename="listing-15.txt" mimetype="text/plain">
        <acl entries="0" version="1"/>
    </resource>
    <resource type="BinaryResource" name="listing-3.txt" skip="no" owner="SYSTEM" group="dba" mode="644" created="2021-12-31T06:13:48.111Z" modified="2021-12-31T06:13:48.111Z" filename="listing-3.txt" mimetype="text/plain">
        <acl entries="0" version="1"/>
    </resource>
</collection>