<collection xmlns="http://exist.sourceforge.net/NS/exist" name="/db/apps/doc/data/lucene/listings" version="1" owner="SYSTEM" group="dba" mode="755" created="2021-12-31T06:13:49.306Z">
    <acl entries="0" version="1"/>
    <resource type="XMLResource" name="listing-6.xml" skip="no" owner="SYSTEM" group="dba" mode="644" created="2021-12-31T06:13:49.307Z" modified="2021-12-31T06:13:49.307Z" filename="listing-6.xml" mimetype="application/xml">
        <acl entries="0" version="1"/>
    </resource>
    <resource type="XMLResource" name="listing-58.xml" skip="no" owner="SYSTEM" group="dba" mode="644" created="2021-12-31T06:13:49.328Z" modified="2021-12-31T06:13:49.328Z" filename="listing-58.xml" mimetype="application/xml">
        <acl entries="0" version="1"/>
    </resource>
    <resource type="XMLResource" name="listing-32.xml" skip="no" owner="SYSTEM" group="dba" mode="644" created="2021-12-31T06:13:49.333Z" modified="2021-12-31T06:13:49.333Z" filename="listing-32.xml" mimetype="application/xml">
        <acl entries="0" version="1"/>
    </resource>
    <resource type="XMLResource" name="listing-31.xml" skip="no" owner="SYSTEM" group="dba" mode="644" created="2021-12-31T06:13:49.342Z" modified="2021-12-31T06:13:49.342Z" filename="listing-31.xml" mimetype="application/xml">
        <acl entries="0" version="1"/>
    </resource>
    <resource type="XMLResource" name="listing-52.xml" skip="no" owner="SYSTEM" group="dba" mode="644" created="2021-12-31T06:13:49.346Z" modified="2021-12-31T06:13:49.346Z" filename="listing-52.xml" mimetype="application/xml">
        <acl entries="0" version="1"/>
    </resource>
    <resource type="XMLResource" name="listing-20.xml" skip="no" owner="SYSTEM" group="dba" mode="644" created="2021-12-31T06:13:49.349Z" modified="2021-12-31T06:13:49.349Z" filename="listing-20.xml" mimetype="application/xml">
        <acl entries="0" version="1"/>
    </resource>
    <resource type="XMLResource" name="listing-30.xml" skip="no" owner="SYSTEM" group="dba" mode="644" created="2021-12-31T06:13:49.351Z" modified="2021-12-31T06:13:49.351Z" filename="listing-30.xml" mimetype="application/xml">
        <acl entries="0" version="1"/>
    </resource>
    <resource type="XMLResource" name="listing-59.xml" skip="no" owner="SYSTEM" group="dba" mode="644" created="2021-12-31T06:13:49.355Z" modified="2021-12-31T06:13:49.355Z" filename="listing-59.xml" mimetype="application/xml">
        <acl entries="0" version="1"/>
    </resource>
    <resource type="XMLResource" name="listing-24.xml" skip="no" owner="SYSTEM" group="dba" mode="644" created="2021-12-31T06:13:49.356Z" modified="2021-12-31T06:13:49.356Z" filename="listing-24.xml" mimetype="application/xml">
        <acl entries="0" version="1"/>
    </resource>
    <resource type="XMLResource" name="listing-51.xml" skip="no" owner="SYSTEM" group="dba" mode="644" created="2021-12-31T06:13:49.359Z" modified="2021-12-31T06:13:49.359Z" filename="listing-51.xml" mimetype="application/xml">
        <acl entries="0" version="1"/>
    </resource>
    <resource type="XMLResource" name="listing-23.xml" skip="no" owner="SYSTEM" group="dba" mode="644" created="2021-12-31T06:13:49.36Z" modified="2021-12-31T06:13:49.36Z" filename="listing-23.xml" mimetype="application/xml">
        <acl entries="0" version="1"/>
    </resource>
    <resource type="XMLResource" name="listing-10.xml" skip="no" owner="SYSTEM" group="dba" mode="644" created="2021-12-31T06:13:49.361Z" modified="2021-12-31T06:13:49.361Z" filename="listing-10.xml" mimetype="application/xml">
        <acl entries="0" version="1"/>
    </resource>
    <resource type="XMLResource" name="listing-19.xml" skip="no" owner="SYSTEM" group="dba" mode="644" created="2021-12-31T06:13:49.364Z" modified="2021-12-31T06:13:49.364Z" filename="listing-19.xml" mimetype="application/xml">
        <acl entries="0" version="1"/>
    </resource>
    <resource type="XMLResource" name="listing-25.xml" skip="no" owner="SYSTEM" group="dba" mode="644" created="2021-12-31T06:13:49.365Z" modified="2021-12-31T06:13:49.365Z" filename="listing-25.xml" mimetype="application/xml">
        <acl entries="0" version="1"/>
    </resource>
    <resource type="XMLResource" name="listing-11.xml" skip="no" owner="SYSTEM" group="dba" mode="644" created="2021-12-31T06:13:49.366Z" modified="2021-12-31T06:13:49.366Z" filename="listing-11.xml" mimetype="application/xml">
        <acl entries="0" version="1"/>
    </resource>
    <resource type="XMLResource" name="listing-27.xml" skip="no" owner="SYSTEM" group="dba" mode="644" created="2021-12-31T06:13:49.367Z" modified="2021-12-31T06:13:49.367Z" filename="listing-27.xml" mimetype="application/xml">
        <acl entries="0" version="1"/>
    </resource>
    <resource type="XMLResource" name="listing-21.xml" skip="no" owner="SYSTEM" group="dba" mode="644" created="2021-12-31T06:13:49.368Z" modified="2021-12-31T06:13:49.368Z" filename="listing-21.xml" mimetype="application/xml">
        <acl entries="0" version="1"/>
    </resource>
    <resource type="XMLResource" name="listing-4.xml" skip="no" owner="SYSTEM" group="dba" mode="644" created="2021-12-31T06:13:49.37Z" modified="2021-12-31T06:13:49.37Z" filename="listing-4.xml" mimetype="application/xml">
        <acl entries="0" version="1"/>
    </resource>
    <resource type="XMLResource" name="listing-16.xml" skip="no" owner="SYSTEM" group="dba" mode="644" created="2021-12-31T06:13:49.371Z" modified="2021-12-31T06:13:49.371Z" filename="listing-16.xml" mimetype="application/xml">
        <acl entries="0" version="1"/>
    </resource>
    <resource type="XMLResource" name="listing-18.xml" skip="no" owner="SYSTEM" group="dba" mode="644" created="2021-12-31T06:13:49.372Z" modified="2021-12-31T06:13:49.372Z" filename="listing-18.xml" mimetype="application/xml">
        <acl entries="0" version="1"/>
    </resource>
    <resource type="XMLResource" name="listing-17.xml" skip="no" owner="SYSTEM" group="dba" mode="644" created="2021-12-31T06:13:49.373Z" modified="2021-12-31T06:13:49.373Z" filename="listing-17.xml" mimetype="application/xml">
        <acl entries="0" version="1"/>
    </resource>
    <resource type="XMLResource" name="listing-22.xml" skip="no" owner="SYSTEM" group="dba" mode="644" created="2021-12-31T06:13:49.378Z" modified="2021-12-31T06:13:49.378Z" filename="listing-22.xml" mimetype="application/xml">
        <acl entries="0" version="1"/>
    </resource>
    <resource type="XMLResource" name="listing-28.xml" skip="no" owner="SYSTEM" group="dba" mode="644" created="2021-12-31T06:13:49.379Z" modified="2021-12-31T06:13:49.379Z" filename="listing-28.xml" mimetype="application/xml">
        <acl entries="0" version="1"/>
    </resource>
    <resource type="XMLResource" name="listing-29.xml" skip="no" owner="SYSTEM" group="dba" mode="644" created="2021-12-31T06:13:49.38Z" modified="2021-12-31T06:13:49.38Z" filename="listing-29.xml" mimetype="application/xml">
        <acl entries="0" version="1"/>
    </resource>
    <resource type="XMLResource" name="listing-522.xml" skip="no" owner="SYSTEM" group="dba" mode="644" created="2021-12-31T06:13:49.381Z" modified="2021-12-31T06:13:49.381Z" filename="listing-522.xml" mimetype="application/xml">
        <acl entries="0" version="1"/>
    </resource>
    <resource type="XMLResource" name="listing-520.xml" skip="no" owner="SYSTEM" group="dba" mode="644" created="2021-12-31T06:13:49.382Z" modified="2021-12-31T06:13:49.382Z" filename="listing-520.xml" mimetype="application/xml">
        <acl entries="0" version="1"/>
    </resource>
    <resource type="XMLResource" name="listing-50.xml" skip="no" owner="SYSTEM" group="dba" mode="644" created="2021-12-31T06:13:49.388Z" modified="2021-12-31T06:13:49.388Z" filename="listing-50.xml" mimetype="application/xml">
        <acl entries="0" version="1"/>
    </resource>
    <resource type="XMLResource" name="listing-15.xml" skip="no" owner="SYSTEM" group="dba" mode="644" created="2021-12-31T06:13:49.39Z" modified="2021-12-31T06:13:49.389Z" filename="listing-15.xml" mimetype="application/xml">
        <acl entries="0" version="1"/>
    </resource>
    <resource type="BinaryResource" name="listing-49.txt" skip="no" owner="SYSTEM" group="dba" mode="644" created="2021-12-31T06:13:49.308Z" modified="2021-12-31T06:13:49.308Z" filename="listing-49.txt" mimetype="text/plain">
        <acl entries="0" version="1"/>
    </resource>
    <resource type="BinaryResource" name="listing-56.txt" skip="no" owner="SYSTEM" group="dba" mode="644" created="2021-12-31T06:13:49.312Z" modified="2021-12-31T06:13:49.312Z" filename="listing-56.txt" mimetype="text/plain">
        <acl entries="0" version="1"/>
    </resource>
    <resource type="BinaryResource" name="listing-36.txt" skip="no" owner="SYSTEM" group="dba" mode="644" created="2021-12-31T06:13:49.315Z" modified="2021-12-31T06:13:49.315Z" filename="listing-36.txt" mimetype="text/plain">
        <acl entries="0" version="1"/>
    </resource>
    <resource type="BinaryResource" name="listing-14.txt" skip="no" owner="SYSTEM" group="dba" mode="644" created="2021-12-31T06:13:49.319Z" modified="2021-12-31T06:13:49.319Z" filename="listing-14.txt" mimetype="text/plain">
        <acl entries="0" version="1"/>
    </resource>
    <resource type="BinaryResource" name="listing-53.txt" skip="no" owner="SYSTEM" group="dba" mode="644" created="2021-12-31T06:13:49.321Z" modified="2021-12-31T06:13:49.321Z" filename="listing-53.txt" mimetype="text/plain">
        <acl entries="0" version="1"/>
    </resource>
    <resource type="BinaryResource" name="listing-48.txt" skip="no" owner="SYSTEM" group="dba" mode="644" created="2021-12-31T06:13:49.322Z" modified="2021-12-31T06:13:49.322Z" filename="listing-48.txt" mimetype="text/plain">
        <acl entries="0" version="1"/>
    </resource>
    <resource type="BinaryResource" name="listing-39.txt" skip="no" owner="SYSTEM" group="dba" mode="644" created="2021-12-31T06:13:49.324Z" modified="2021-12-31T06:13:49.324Z" filename="listing-39.txt" mimetype="text/plain">
        <acl entries="0" version="1"/>
    </resource>
    <resource type="BinaryResource" name="listing-38.txt" skip="no" owner="SYSTEM" group="dba" mode="644" created="2021-12-31T06:13:49.325Z" modified="2021-12-31T06:13:49.325Z" filename="listing-38.txt" mimetype="text/plain">
        <acl entries="0" version="1"/>
    </resource>
    <resource type="BinaryResource" name="listing-47.txt" skip="no" owner="SYSTEM" group="dba" mode="644" created="2021-12-31T06:13:49.326Z" modified="2021-12-31T06:13:49.326Z" filename="listing-47.txt" mimetype="text/plain">
        <acl entries="0" version="1"/>
    </resource>
    <resource type="BinaryResource" name="listing-1.txt" skip="no" owner="SYSTEM" group="dba" mode="644" created="2021-12-31T06:13:49.33Z" modified="2021-12-31T06:13:49.33Z" filename="listing-1.txt" mimetype="text/plain">
        <acl entries="0" version="1"/>
    </resource>
    <resource type="BinaryResource" name="listing-45.txt" skip="no" owner="SYSTEM" group="dba" mode="644" created="2021-12-31T06:13:49.334Z" modified="2021-12-31T06:13:49.334Z" filename="listing-45.txt" mimetype="text/plain">
        <acl entries="0" version="1"/>
    </resource>
    <resource type="BinaryResource" name="listing-34.txt" skip="no" owner="SYSTEM" group="dba" mode="644" created="2021-12-31T06:13:49.337Z" modified="2021-12-31T06:13:49.337Z" filename="listing-34.txt" mimetype="text/plain">
        <acl entries="0" version="1"/>
    </resource>
    <resource type="BinaryResource" name="listing-60.txt" skip="no" owner="SYSTEM" group="dba" mode="644" created="2021-12-31T06:13:49.338Z" modified="2021-12-31T06:13:49.338Z" filename="listing-60.txt" mimetype="text/plain">
        <acl entries="0" version="1"/>
    </resource>
    <resource type="BinaryResource" name="listing-57.txt" skip="no" owner="SYSTEM" group="dba" mode="644" created="2021-12-31T06:13:49.34Z" modified="2021-12-31T06:13:49.34Z" filename="listing-57.txt" mimetype="text/plain">
        <acl entries="0" version="1"/>
    </resource>
    <resource type="BinaryResource" name="listing-43.txt" skip="no" owner="SYSTEM" group="dba" mode="644" created="2021-12-31T06:13:49.343Z" modified="2021-12-31T06:13:49.343Z" filename="listing-43.txt" mimetype="text/plain">
        <acl entries="0" version="1"/>
    </resource>
    <resource type="BinaryResource" name="listing-41.txt" skip="no" owner="SYSTEM" group="dba" mode="644" created="2021-12-31T06:13:49.344Z" modified="2021-12-31T06:13:49.344Z" filename="listing-41.txt" mimetype="text/plain">
        <acl entries="0" version="1"/>
    </resource>
    <resource type="BinaryResource" name="listing-46.txt" skip="no" owner="SYSTEM" group="dba" mode="644" created="2021-12-31T06:13:49.347Z" modified="2021-12-31T06:13:49.347Z" filename="listing-46.txt" mimetype="text/plain">
        <acl entries="0" version="1"/>
    </resource>
    <resource type="BinaryResource" name="listing-571.txt" skip="no" owner="SYSTEM" group="dba" mode="644" created="2021-12-31T06:13:49.35Z" modified="2021-12-31T06:13:49.35Z" filename="listing-571.txt" mimetype="text/plain">
        <acl entries="0" version="1"/>
    </resource>
    <resource type="BinaryResource" name="listing-54.txt" skip="no" owner="SYSTEM" group="dba" mode="644" created="2021-12-31T06:13:49.352Z" modified="2021-12-31T06:13:49.352Z" filename="listing-54.txt" mimetype="text/plain">
        <acl entries="0" version="1"/>
    </resource>
    <resource type="BinaryResource" name="listing-9.txt" skip="no" owner="SYSTEM" group="dba" mode="644" created="2021-12-31T06:13:49.357Z" modified="2021-12-31T06:13:49.357Z" filename="listing-9.txt" mimetype="text/plain">
        <acl entries="0" version="1"/>
    </resource>
    <resource type="BinaryResource" name="listing-521.txt" skip="no" owner="SYSTEM" group="dba" mode="644" created="2021-12-31T06:13:49.362Z" modified="2021-12-31T06:13:49.362Z" filename="listing-521.txt" mimetype="text/plain">
        <acl entries="0" version="1"/>
    </resource>
    <resource type="BinaryResource" name="listing-44.txt" skip="no" owner="SYSTEM" group="dba" mode="644" created="2021-12-31T06:13:49.368Z" modified="2021-12-31T06:13:49.368Z" filename="listing-44.txt" mimetype="text/plain">
        <acl entries="0" version="1"/>
    </resource>
    <resource type="BinaryResource" name="listing-42.txt" skip="no" owner="SYSTEM" group="dba" mode="644" created="2021-12-31T06:13:49.373Z" modified="2021-12-31T06:13:49.373Z" filename="listing-42.txt" mimetype="text/plain">
        <acl entries="0" version="1"/>
    </resource>
    <resource type="BinaryResource" name="listing-26.txt" skip="no" owner="SYSTEM" group="dba" mode="644" created="2021-12-31T06:13:49.376Z" modified="2021-12-31T06:13:49.376Z" filename="listing-26.txt" mimetype="text/plain">
        <acl entries="0" version="1"/>
    </resource>
    <resource type="BinaryResource" name="listing-55.txt" skip="no" owner="SYSTEM" group="dba" mode="644" created="2021-12-31T06:13:49.383Z" modified="2021-12-31T06:13:49.383Z" filename="listing-55.txt" mimetype="text/plain">
        <acl entries="0" version="1"/>
    </resource>
    <resource type="BinaryResource" name="listing-37.txt" skip="no" owner="SYSTEM" group="dba" mode="644" created="2021-12-31T06:13:49.387Z" modified="2021-12-31T06:13:49.387Z" filename="listing-37.txt" mimetype="text/plain">
        <acl entries="0" version="1"/>
    </resource>
    <resource type="BinaryResource" name="listing-40.txt" skip="no" owner="SYSTEM" group="dba" mode="644" created="2021-12-31T06:13:49.39Z" modified="2021-12-31T06:13:49.39Z" filename="listing-40.txt" mimetype="text/plain">
        <acl entries="0" version="1"/>
    </resource>
</collection>