<?xml version="1.0" encoding="UTF-8"?>
<collection xmlns="http://exist-db.org/collection-config/1.0">
  <index xmlns:xs="http://www.w3.org/2001/XMLSchema" xmlns:db="http://docbook.org/ns/docbook">
    <lucene>
      <module uri="http://exist-db.org/lucene/test/" prefix="idx" at="module.xql"/>
      <text qname="db:article">
        <facet dimension="keyword" expression="db:info/db:keywordset/db:keyword"/>
        <facet dimension="date" expression="tokenize(db:info/db:pubdate, '-')" hierarchical="yes"/>
        <facet dimension="subject" expression="idx:subject-hierarchy(db:info/db:subjectset/db:subject/db:subjectterm)" hierarchical="yes"/>
      </text>
    </lucene>
  </index>
</collection>