<?xml version="1.0" encoding="UTF-8"?>
<collection xmlns="http://exist-db.org/collection-config/1.0">
  <index xmlns:xs="http://www.w3.org/2001/XMLSchema">
    <lucene>
      <analyzer class="org.exist.indexing.lucene.analyzers.NoDiacriticsStandardAnalyzer" id="nodiacritics"/>
      <text qname="letter" analyzer="nodiacritics">
        <field name="place" expression="place" analyzer="nodiacritics"/>
        <field name="from" expression="from" store="no"/>
        <field name="to" expression="to"/>
      </text>
    </lucene>
  </index>
</collection>