<collection xmlns="http://exist.sourceforge.net/NS/exist" name="/db/apps/doc/data/author-reference/listings" version="1" owner="SYSTEM" group="dba" mode="755" created="2021-12-31T06:13:48.772Z">
    <acl entries="0" version="1"/>
    <resource type="XMLResource" name="structure.xml" skip="no" owner="SYSTEM" group="dba" mode="644" created="2021-12-31T06:13:48.773Z" modified="2021-12-31T06:13:48.773Z" filename="structure.xml" mimetype="application/xml">
        <acl entries="0" version="1"/>
    </resource>
    <resource type="XMLResource" name="example-xml.xml" skip="no" owner="SYSTEM" group="dba" mode="644" created="2021-12-31T06:13:48.775Z" modified="2021-12-31T06:13:48.775Z" filename="example-xml.xml" mimetype="application/xml">
        <acl entries="0" version="1"/>
    </resource>
    <resource type="XMLResource" name="info.xml" skip="no" owner="SYSTEM" group="dba" mode="644" created="2021-12-31T06:13:48.776Z" modified="2021-12-31T06:13:48.776Z" filename="info.xml" mimetype="application/xml">
        <acl entries="0" version="1"/>
    </resource>
    <resource type="XMLResource" name="table.xml" skip="no" owner="SYSTEM" group="dba" mode="644" created="2021-12-31T06:13:48.777Z" modified="2021-12-31T06:13:48.777Z" filename="table.xml" mimetype="application/xml">
        <acl entries="0" version="1"/>
    </resource>
    <resource type="XMLResource" name="figure.xml" skip="no" owner="SYSTEM" group="dba" mode="644" created="2021-12-31T06:13:48.778Z" modified="2021-12-31T06:13:48.778Z" filename="figure.xml" mimetype="application/xml">
        <acl entries="0" version="1"/>
    </resource>
    <resource type="XMLResource" name="inlinefigure.xml" skip="no" owner="SYSTEM" group="dba" mode="644" created="2021-12-31T06:13:48.779Z" modified="2021-12-31T06:13:48.779Z" filename="inlinefigure.xml" mimetype="application/xml">
        <acl entries="0" version="1"/>
    </resource>
</collection>