<?xml version="1.0" encoding="UTF-8"?>
<?xml-model href="http://docbook.org/xml/5.0/rng/docbook.rng" schematypens="http://relaxng.org/ns/structure/1.0"?><?xml-model href="http://docbook.org/xml/5.0/rng/docbook.rng" type="application/xml" schematypens="http://purl.oclc.org/dsdl/schematron"?><article xmlns="http://docbook.org/ns/docbook" xmlns:xlink="http://www.w3.org/1999/xlink" version="5.0">
  <info>
    <title>
      Document title
    </title>
    <date>
      1Q18
    </date>
    <keywordset>
      <keyword>
        blah
      </keyword>
    </keywordset>
  </info>
  <para>
    Introductory paragraph(s)
  </para>
  <sect1 xml:id="main-id">
    <title>
      Title of first main section
    </title>
    <para>
      Lorem ipsum...
    </para>
    <sect2 xml:id="sub-id">
      <title>
        Title of first sub-section
      </title>
      <para>
        Lorem ipsum...
      </para>
    </sect2>
  </sect1>
  <sect1 xml:id="next-id">
    <title>
      Title of second main section
    </title>
    <para>
      Lorem ipsum...
    </para>
  </sect1>
</article>