<?xml version="1.0" encoding="UTF-8"?>
<table>
  <title>
    Table title
  </title>
  <tgroup cols="2">
    <colspec colwidth="30%"/>
    <colspec/>
    <thead>
      <row>
        <entry>
          Col 1
        </entry>
        <entry>
          Col 2
        </entry>
      </row>
    </thead>
    <tbody>
      <row>
        <entry>
          <para>
            Bla
          </para>
        </entry>
        <entry>
          <para>
            More bla
          </para>
        </entry>
      </row>
      <row>
        <entry>
          <para>
            Blegh
          </para>
        </entry>
        <entry>
          <para>
            More blegh
          </para>
        </entry>
      </row>
    </tbody>
  </tgroup>
</table>