<collection xmlns="http://exist.sourceforge.net/NS/exist" name="/db/apps/doc/data/devguide_codereview/listings" version="1" owner="SYSTEM" group="dba" mode="755" created="2021-12-31T06:13:48.023Z">
    <acl entries="0" version="1"/>
    <resource type="BinaryResource" name="listing-5.txt" skip="no" owner="SYSTEM" group="dba" mode="644" created="2021-12-31T06:13:48.024Z" modified="2021-12-31T06:13:48.024Z" filename="listing-5.txt" mimetype="text/plain">
        <acl entries="0" version="1"/>
    </resource>
    <resource type="BinaryResource" name="listing-1.txt" skip="no" owner="SYSTEM" group="dba" mode="644" created="2021-12-31T06:13:48.026Z" modified="2021-12-31T06:13:48.026Z" filename="listing-1.txt" mimetype="text/plain">
        <acl entries="0" version="1"/>
    </resource>
    <resource type="BinaryResource" name="listing-4.txt" skip="no" owner="SYSTEM" group="dba" mode="644" created="2021-12-31T06:13:48.028Z" modified="2021-12-31T06:13:48.028Z" filename="listing-4.txt" mimetype="text/plain">
        <acl entries="0" version="1"/>
    </resource>
    <resource type="BinaryResource" name="listing-2.txt" skip="no" owner="SYSTEM" group="dba" mode="644" created="2021-12-31T06:13:48.03Z" modified="2021-12-31T06:13:48.03Z" filename="listing-2.txt" mimetype="text/plain">
        <acl entries="0" version="1"/>
    </resource>
    <resource type="BinaryResource" name="listing-3.txt" skip="no" owner="SYSTEM" group="dba" mode="644" created="2021-12-31T06:13:48.031Z" modified="2021-12-31T06:13:48.031Z" filename="listing-3.txt" mimetype="text/plain">
        <acl entries="0" version="1"/>
    </resource>
</collection>