<collection xmlns="http://exist.sourceforge.net/NS/exist" name="/db/apps/doc/data/newrangeindex/listings" version="1" owner="SYSTEM" group="dba" mode="755" created="2021-12-31T06:13:47.957Z">
    <acl entries="0" version="1"/>
    <resource type="XMLResource" name="listing-5.xml" skip="no" owner="SYSTEM" group="dba" mode="644" created="2021-12-31T06:13:47.958Z" modified="2021-12-31T06:13:47.958Z" filename="listing-5.xml" mimetype="application/xml">
        <acl entries="0" version="1"/>
    </resource>
    <resource type="XMLResource" name="listing-14.xml" skip="no" owner="SYSTEM" group="dba" mode="644" created="2021-12-31T06:13:47.96Z" modified="2021-12-31T06:13:47.96Z" filename="listing-14.xml" mimetype="application/xml">
        <acl entries="0" version="1"/>
    </resource>
    <resource type="XMLResource" name="listing-12.xml" skip="no" owner="SYSTEM" group="dba" mode="644" created="2021-12-31T06:13:47.961Z" modified="2021-12-31T06:13:47.961Z" filename="listing-12.xml" mimetype="application/xml">
        <acl entries="0" version="1"/>
    </resource>
    <resource type="XMLResource" name="listing-9.xml" skip="no" owner="SYSTEM" group="dba" mode="644" created="2021-12-31T06:13:47.962Z" modified="2021-12-31T06:13:47.962Z" filename="listing-9.xml" mimetype="application/xml">
        <acl entries="0" version="1"/>
    </resource>
    <resource type="XMLResource" name="listing-17.xml" skip="no" owner="SYSTEM" group="dba" mode="644" created="2021-12-31T06:13:47.968Z" modified="2021-12-31T06:13:47.968Z" filename="listing-17.xml" mimetype="application/xml">
        <acl entries="0" version="1"/>
    </resource>
    <resource type="BinaryResource" name="listing-7.txt" skip="no" owner="SYSTEM" group="dba" mode="644" created="2021-12-31T06:13:47.963Z" modified="2021-12-31T06:13:47.963Z" filename="listing-7.txt" mimetype="text/plain">
        <acl entries="0" version="1"/>
    </resource>
    <resource type="BinaryResource" name="listing-8.txt" skip="no" owner="SYSTEM" group="dba" mode="644" created="2021-12-31T06:13:47.966Z" modified="2021-12-31T06:13:47.966Z" filename="listing-8.txt" mimetype="text/plain">
        <acl entries="0" version="1"/>
    </resource>
    <resource type="BinaryResource" name="listing-6.txt" skip="no" owner="SYSTEM" group="dba" mode="644" created="2021-12-31T06:13:47.969Z" modified="2021-12-31T06:13:47.969Z" filename="listing-6.txt" mimetype="text/plain">
        <acl entries="0" version="1"/>
    </resource>
    <resource type="BinaryResource" name="listing-13.txt" skip="no" owner="SYSTEM" group="dba" mode="644" created="2021-12-31T06:13:47.971Z" modified="2021-12-31T06:13:47.971Z" filename="listing-13.txt" mimetype="text/plain">
        <acl entries="0" version="1"/>
    </resource>
</collection>