<collection xmlns="http://exist.sourceforge.net/NS/exist" name="/db/apps/doc/data/java-admin-client/listings" version="1" owner="SYSTEM" group="dba" mode="755" created="2021-12-31T06:13:47.316Z">
    <acl entries="0" version="1"/>
    <resource type="XMLResource" name="listing-14.xml" skip="no" owner="SYSTEM" group="dba" mode="644" created="2021-12-31T06:13:47.318Z" modified="2021-12-31T06:13:47.318Z" filename="listing-14.xml" mimetype="application/xml">
        <acl entries="0" version="1"/>
    </resource>
    <resource type="BinaryResource" name="listing-18.txt" skip="no" owner="SYSTEM" group="dba" mode="644" created="2021-12-31T06:13:47.319Z" modified="2021-12-31T06:13:47.319Z" filename="listing-18.txt" mimetype="text/plain">
        <acl entries="0" version="1"/>
    </resource>
    <resource type="BinaryResource" name="listing-6.txt" skip="no" owner="SYSTEM" group="dba" mode="644" created="2021-12-31T06:13:47.325Z" modified="2021-12-31T06:13:47.325Z" filename="listing-6.txt" mimetype="text/plain">
        <acl entries="0" version="1"/>
    </resource>
</collection>