<collection xmlns="http://exist.sourceforge.net/NS/exist" name="/db/apps/doc/data/repo/listings" version="1" owner="SYSTEM" group="dba" mode="755" created="2021-12-31T06:13:48.832Z">
    <acl entries="0" version="1"/>
    <resource type="XMLResource" name="listing-7.xml" skip="no" owner="SYSTEM" group="dba" mode="644" created="2021-12-31T06:13:48.836Z" modified="2021-12-31T06:13:48.836Z" filename="listing-7.xml" mimetype="application/xml">
        <acl entries="0" version="1"/>
    </resource>
    <resource type="XMLResource" name="listing-3.xml" skip="no" owner="SYSTEM" group="dba" mode="644" created="2021-12-31T06:13:48.841Z" modified="2021-12-31T06:13:48.841Z" filename="listing-3.xml" mimetype="application/xml">
        <acl entries="0" version="1"/>
    </resource>
    <resource type="XMLResource" name="listing-8.xml" skip="no" owner="SYSTEM" group="dba" mode="644" created="2021-12-31T06:13:48.842Z" modified="2021-12-31T06:13:48.842Z" filename="listing-8.xml" mimetype="application/xml">
        <acl entries="0" version="1"/>
    </resource>
    <resource type="XMLResource" name="listing-2.xml" skip="no" owner="SYSTEM" group="dba" mode="644" created="2021-12-31T06:13:48.843Z" modified="2021-12-31T06:13:48.843Z" filename="listing-2.xml" mimetype="application/xml">
        <acl entries="0" version="1"/>
    </resource>
    <resource type="XMLResource" name="listing-9.xml" skip="no" owner="SYSTEM" group="dba" mode="644" created="2021-12-31T06:13:48.844Z" modified="2021-12-31T06:13:48.844Z" filename="listing-9.xml" mimetype="application/xml">
        <acl entries="0" version="1"/>
    </resource>
    <resource type="XMLResource" name="listing-11.xml" skip="no" owner="SYSTEM" group="dba" mode="644" created="2021-12-31T06:13:48.845Z" modified="2021-12-31T06:13:48.845Z" filename="listing-11.xml" mimetype="application/xml">
        <acl entries="0" version="1"/>
    </resource>
    <resource type="XMLResource" name="listing-4.xml" skip="no" owner="SYSTEM" group="dba" mode="644" created="2021-12-31T06:13:48.845Z" modified="2021-12-31T06:13:48.845Z" filename="listing-4.xml" mimetype="application/xml">
        <acl entries="0" version="1"/>
    </resource>
    <resource type="XMLResource" name="listing-1.xml" skip="no" owner="SYSTEM" group="dba" mode="644" created="2021-12-31T06:13:48.846Z" modified="2021-12-31T06:13:48.846Z" filename="listing-1.xml" mimetype="application/xml">
        <acl entries="0" version="1"/>
    </resource>
    <resource type="BinaryResource" name="listing-5.txt" skip="no" owner="SYSTEM" group="dba" mode="644" created="2021-12-31T06:13:48.833Z" modified="2021-12-31T06:13:48.833Z" filename="listing-5.txt" mimetype="text/plain">
        <acl entries="0" version="1"/>
    </resource>
    <resource type="BinaryResource" name="listing-10.txt" skip="no" owner="SYSTEM" group="dba" mode="644" created="2021-12-31T06:13:48.837Z" modified="2021-12-31T06:13:48.837Z" filename="listing-10.txt" mimetype="text/plain">
        <acl entries="0" version="1"/>
    </resource>
    <resource type="BinaryResource" name="listing-14.txt" skip="no" owner="SYSTEM" group="dba" mode="644" created="2021-12-31T06:13:48.84Z" modified="2021-12-31T06:13:48.84Z" filename="listing-14.txt" mimetype="text/plain">
        <acl entries="0" version="1"/>
    </resource>
    <resource type="BinaryResource" name="listing-6.txt" skip="no" owner="SYSTEM" group="dba" mode="644" created="2021-12-31T06:13:48.847Z" modified="2021-12-31T06:13:48.847Z" filename="listing-6.txt" mimetype="text/plain">
        <acl entries="0" version="1"/>
    </resource>
</collection>