<?xml version="1.0" encoding="UTF-8"?>
<meta xmlns="http://exist-db.org/xquery/repo">
  <description>
    eXist-db Documentation
  </description>
  <author>
    eXist-db
  </author>
  <website>
    https://www.github.com/exist-db/documentation
  </website>
  <status>
    stable
  </status>
  <license>
    GNU Lesser General Public License, version 2.1
  </license>
  <copyright>
    true
  </copyright>
  <type>
    application
  </type>
  <target>
    doc
  </target>
  <prepare>
    pre-install.xql
  </prepare>
  <deployed/>
</meta>