<collection xmlns="http://exist.sourceforge.net/NS/exist" name="/db/apps/doc/data/development-starter/assets" version="1" owner="SYSTEM" group="dba" mode="755" created="2021-12-31T06:13:49.479Z">
    <acl entries="0" version="1"/>
    <resource type="BinaryResource" name="new-application-completed.png" skip="no" owner="SYSTEM" group="dba" mode="644" created="2021-12-31T06:13:49.479Z" modified="2021-12-31T06:13:49.479Z" filename="new-application-completed.png" mimetype="image/png">
        <acl entries="0" version="1"/>
    </resource>
    <resource type="BinaryResource" name="new-application-screen.png" skip="no" owner="SYSTEM" group="dba" mode="644" created="2021-12-31T06:13:49.483Z" modified="2021-12-31T06:13:49.483Z" filename="new-application-screen.png" mimetype="image/png">
        <acl entries="0" version="1"/>
    </resource>
    <resource type="BinaryResource" name="new-application-home.png" skip="no" owner="SYSTEM" group="dba" mode="644" created="2021-12-31T06:13:49.486Z" modified="2021-12-31T06:13:49.486Z" filename="new-application-home.png" mimetype="image/png">
        <acl entries="0" version="1"/>
    </resource>
    <resource type="BinaryResource" name="new-application-run.png" skip="no" owner="SYSTEM" group="dba" mode="644" created="2021-12-31T06:13:49.489Z" modified="2021-12-31T06:13:49.489Z" filename="new-application-run.png" mimetype="image/png">
        <acl entries="0" version="1"/>
    </resource>
    <resource type="BinaryResource" name="sync-dialog.png" skip="no" owner="SYSTEM" group="dba" mode="644" created="2021-12-31T06:13:49.491Z" modified="2021-12-31T06:13:49.491Z" filename="sync-dialog.png" mimetype="image/png">
        <acl entries="0" version="1"/>
    </resource>
    <resource type="BinaryResource" name="Templating.png" skip="no" owner="SYSTEM" group="dba" mode="644" created="2021-12-31T06:13:49.496Z" modified="2021-12-31T06:13:49.496Z" filename="Templating.png" mimetype="image/png">
        <acl entries="0" version="1"/>
    </resource>
</collection>