<collection xmlns="http://exist.sourceforge.net/NS/exist" name="/db/apps/doc/data/basic-installation/assets" version="1" owner="SYSTEM" group="dba" mode="755" created="2021-12-31T06:13:49.012Z">
    <acl entries="0" version="1"/>
    <resource type="BinaryResource" name="installer2.png" skip="no" owner="SYSTEM" group="dba" mode="644" created="2021-12-31T06:13:49.012Z" modified="2021-12-31T06:13:49.012Z" filename="installer2.png" mimetype="image/png">
        <acl entries="0" version="1"/>
    </resource>
    <resource type="BinaryResource" name="launch2.png" skip="no" owner="SYSTEM" group="dba" mode="644" created="2021-12-31T06:13:49.016Z" modified="2021-12-31T06:13:49.016Z" filename="launch2.png" mimetype="image/png">
        <acl entries="0" version="1"/>
    </resource>
    <resource type="BinaryResource" name="installer1.png" skip="no" owner="SYSTEM" group="dba" mode="644" created="2021-12-31T06:13:49.019Z" modified="2021-12-31T06:13:49.019Z" filename="installer1.png" mimetype="image/png">
        <acl entries="0" version="1"/>
    </resource>
    <resource type="BinaryResource" name="index1.png" skip="no" owner="SYSTEM" group="dba" mode="644" created="2021-12-31T06:13:49.024Z" modified="2021-12-31T06:13:49.024Z" filename="index1.png" mimetype="image/png">
        <acl entries="0" version="1"/>
    </resource>
    <resource type="BinaryResource" name="launch1.png" skip="no" owner="SYSTEM" group="dba" mode="644" created="2021-12-31T06:13:49.029Z" modified="2021-12-31T06:13:49.029Z" filename="launch1.png" mimetype="image/png">
        <acl entries="0" version="1"/>
    </resource>
</collection>