<collection xmlns="http://exist.sourceforge.net/NS/exist" name="/db/apps/doc/data/production_good_practice/listings" version="1" owner="SYSTEM" group="dba" mode="755" created="2021-12-31T06:13:47.816Z">
    <acl entries="0" version="1"/>
    <resource type="XMLResource" name="listing-5.xml" skip="no" owner="SYSTEM" group="dba" mode="644" created="2021-12-31T06:13:47.818Z" modified="2021-12-31T06:13:47.818Z" filename="listing-5.xml" mimetype="application/xml">
        <acl entries="0" version="1"/>
    </resource>
    <resource type="XMLResource" name="listing-6.xml" skip="no" owner="SYSTEM" group="dba" mode="644" created="2021-12-31T06:13:47.819Z" modified="2021-12-31T06:13:47.819Z" filename="listing-6.xml" mimetype="application/xml">
        <acl entries="0" version="1"/>
    </resource>
    <resource type="XMLResource" name="listing-3.xml" skip="no" owner="SYSTEM" group="dba" mode="644" created="2021-12-31T06:13:47.82Z" modified="2021-12-31T06:13:47.82Z" filename="listing-3.xml" mimetype="application/xml">
        <acl entries="0" version="1"/>
    </resource>
    <resource type="XMLResource" name="listing-4.xml" skip="no" owner="SYSTEM" group="dba" mode="644" created="2021-12-31T06:13:47.824Z" modified="2021-12-31T06:13:47.824Z" filename="listing-4.xml" mimetype="application/xml">
        <acl entries="0" version="1"/>
    </resource>
    <resource type="XMLResource" name="listing-1.xml" skip="no" owner="SYSTEM" group="dba" mode="644" created="2021-12-31T06:13:47.824Z" modified="2021-12-31T06:13:47.824Z" filename="listing-1.xml" mimetype="application/xml">
        <acl entries="0" version="1"/>
    </resource>
    <resource type="BinaryResource" name="listing-2.txt" skip="no" owner="SYSTEM" group="dba" mode="644" created="2021-12-31T06:13:47.821Z" modified="2021-12-31T06:13:47.821Z" filename="listing-2.txt" mimetype="text/plain">
        <acl entries="0" version="1"/>
    </resource>
</collection>