<collection xmlns="http://exist.sourceforge.net/NS/exist" name="/db/apps/doc/data/datasync/listings" version="1" owner="SYSTEM" group="dba" mode="755" created="2021-12-31T06:13:48.879Z">
    <acl entries="0" version="1"/>
    <resource type="XMLResource" name="mavenconf.xml" skip="no" owner="SYSTEM" group="dba" mode="644" created="2021-12-31T06:13:48.88Z" modified="2021-12-31T06:13:48.88Z" filename="mavenconf.xml" mimetype="application/xml">
        <acl entries="0" version="1"/>
    </resource>
    <resource type="XMLResource" name="exist-conf-scheduler-startup.xml" skip="no" owner="SYSTEM" group="dba" mode="644" created="2021-12-31T06:13:48.881Z" modified="2021-12-31T06:13:48.881Z" filename="exist-conf-scheduler-startup.xml" mimetype="application/xml">
        <acl entries="0" version="1"/>
    </resource>
    <resource type="XMLResource" name="exist-conf-scheduler-2am.xml" skip="no" owner="SYSTEM" group="dba" mode="644" created="2021-12-31T06:13:48.885Z" modified="2021-12-31T06:13:48.885Z" filename="exist-conf-scheduler-2am.xml" mimetype="application/xml">
        <acl entries="0" version="1"/>
    </resource>
    <resource type="BinaryResource" name="docker.txt" skip="no" owner="SYSTEM" group="dba" mode="644" created="2021-12-31T06:13:48.882Z" modified="2021-12-31T06:13:48.882Z" filename="docker.txt" mimetype="text/plain">
        <acl entries="0" version="1"/>
    </resource>
</collection>