<collection xmlns="http://exist.sourceforge.net/NS/exist" name="/db/apps/doc/data/dashboard/assets" version="1" owner="SYSTEM" group="dba" mode="755" created="2021-12-31T06:13:48.858Z">
    <acl entries="0" version="1"/>
    <resource type="BinaryResource" name="dashboardInstallApp.png" skip="no" owner="SYSTEM" group="dba" mode="644" created="2021-12-31T06:13:48.859Z" modified="2021-12-31T06:13:48.859Z" filename="dashboardInstallApp.png" mimetype="image/png">
        <acl entries="0" version="1"/>
    </resource>
    <resource type="BinaryResource" name="dashboardUp2dateInfo.png" skip="no" owner="SYSTEM" group="dba" mode="644" created="2021-12-31T06:13:48.861Z" modified="2021-12-31T06:13:48.861Z" filename="dashboardUp2dateInfo.png" mimetype="image/png">
        <acl entries="0" version="1"/>
    </resource>
    <resource type="BinaryResource" name="dashboardSelectVersion.png" skip="no" owner="SYSTEM" group="dba" mode="644" created="2021-12-31T06:13:48.863Z" modified="2021-12-31T06:13:48.863Z" filename="dashboardSelectVersion.png" mimetype="image/png">
        <acl entries="0" version="1"/>
    </resource>
    <resource type="BinaryResource" name="dashboardPMIcon.png" skip="no" owner="SYSTEM" group="dba" mode="644" created="2021-12-31T06:13:48.865Z" modified="2021-12-31T06:13:48.865Z" filename="dashboardPMIcon.png" mimetype="image/png">
        <acl entries="0" version="1"/>
    </resource>
    <resource type="BinaryResource" name="dashboardUp2dateApps.png" skip="no" owner="SYSTEM" group="dba" mode="644" created="2021-12-31T06:13:48.868Z" modified="2021-12-31T06:13:48.868Z" filename="dashboardUp2dateApps.png" mimetype="image/png">
        <acl entries="0" version="1"/>
    </resource>
    <resource type="BinaryResource" name="dashboardLoadOwnApps.png" skip="no" owner="SYSTEM" group="dba" mode="644" created="2021-12-31T06:13:48.87Z" modified="2021-12-31T06:13:48.87Z" filename="dashboardLoadOwnApps.png" mimetype="image/png">
        <acl entries="0" version="1"/>
    </resource>
    <resource type="BinaryResource" name="dashboardLogin.png" skip="no" owner="SYSTEM" group="dba" mode="644" created="2021-12-31T06:13:48.872Z" modified="2021-12-31T06:13:48.872Z" filename="dashboardLogin.png" mimetype="image/png">
        <acl entries="0" version="1"/>
    </resource>
</collection>