<?xml version="1.0" encoding="UTF-8"?>
<?xml-model href="http://docbook.org/xml/5.0/rng/docbook.rng"
        schematypens="http://relaxng.org/ns/structure/1.0"?><?xml-model href="http://docbook.org/xml/5.0/rng/docbook.rng" type="application/xml"
        schematypens="http://purl.oclc.org/dsdl/schematron"?><article xmlns="http://docbook.org/ns/docbook" xmlns:xlink="http://www.w3.org/1999/xlink" version="5.0">
  <info>
    <title>Getting Help</title>
    <date>2Q19</date>
    <keywordset>
      <keyword>getting-started</keyword>
    </keywordset>
  </info>

  <!-- ================================================================== -->

  <para>This article will tell you where to go for additional help working with eXist-db.</para>

  <!-- ================================================================== -->

  <sect1 xml:id="community-support">
    <title>Community Support</title>

    <para>Besides eXist-db's extensive <link xlink:href="documentation">documentation</link>, eXist-db has a large and active community of users
      and developers. The community uses mailing lists, chat, a wiki, and social media to get and give help, follow the latest developments and share
      tips and discoveries.</para>
    <para>The book, "eXist: a NoSQL Document Database and Application Platform" was published in 2014 and is available from <link xlink:href="http://shop.oreilly.com/product/0636920026525.do" condition="_blank">O'Reilly.com</link>.</para>
    <figure>
      <title/>
      <mediaobject>
        <imageobject>
          <imagedata fileref="assets/book-cover.gif" width="30%"/>
        </imageobject>
      </mediaobject>
    </figure>
    <para>The <link xlink:href="https://lists.sourceforge.net/lists/listinfo/exist-open" condition="_blank">exist-open</link> mailing list is the
      primary forum for asking questions and getting help. Finding the answer to a question can sometimes be as simple as <link xlink:href="https://exist-open.markmail.org/" condition="_blank">searching the mailing list's archives</link>. Whether you have a
      question that you can't find the answer to, or you just want to join the discussion, <link xlink:href="https://lists.sourceforge.net/lists/listinfo/exist-open" condition="_blank">subscribe to the mailing list</link>. It's free and
      you can unsubscribe anytime.</para>
    <para>You can also search the <link xlink:href="https://stackoverflow.com/questions/tagged/exist-db" condition="_blank">exist-db tag on Stackoverflow</link> for questions and answers.</para>
    <note>
      <para>For reporting issues, please consult the <link xlink:href="getting-help-how-to-report">How to Report Issues</link> article.</para>
    </note>
    <para>Besides exist-open, there is a mailing list dedicated solely to the XQuery language: the <link xlink:href="http://x-query.com/mailman/listinfo/talk">xquery-talk mailing list</link>. It's a great place to ask questions about XQuery, from
      basic to advanced.</para>
    <para>See our list of resources for <link xlink:href="learning-xquery">learning XQuery</link>.</para>
    <para>Follow <link xlink:href="https://twitter.com/#!/existdb" condition="_blank">@existdb</link> on Twitter for news and announcements about
      eXist-db. Use the <link xlink:href="https://twitter.com/#!/search?q=%23existdb" condition="_blank">#existdb</link> hash tag (note: no dash in
      #existdb). </para>
    <para>Meet eXist-db professionals on <link xlink:href="https://www.linkedin.com/groups?mostPopular=&amp;gid=35624" condition="_blank">LinkedIn</link>. Subscribe to the <link xlink:href="http://atomic.exist-db.org/blogs/eXist/" condition="_blank">eXist
        Developer Blog</link>, powered by the eXist-based AtomicWiki project.</para>
  </sect1>

  <!-- ================================================================== -->

  <sect1 xml:id="professional-support">
    <title>Professional Support</title>

    <para>eXist-db began as and continues to thrive as an open source community, built on the contributions of volunteers. Recognizing the need for
      professional solutions for eXist-db, members of our development team and community have come together commercially under the umbrella of <link xlink:href="http://www.existsolutions.com" condition="_blank">eXist Solutions</link>. They are available for  Consultancy, Training or Bespoke
      Development. We also offer <link xlink:href="https://exist-db.org/exist/apps/homepage/index.html#subscriptions" condition="_blank">support
        subscriptions</link> with service level agreements tailored to customer's requirements. Please contact us at <link xlink:href="mailto:info@existsolutions.com">info@existsolutions.com</link>. </para>
  </sect1>
</article>