<collection xmlns="http://exist.sourceforge.net/NS/exist" name="/db/apps/dashboard/resources" version="1" owner="SYSTEM" group="dba" mode="755" created="2021-12-31T06:13:44.586Z">
    <acl entries="0" version="1"/>
    <resource type="BinaryResource" name="app.js" skip="no" owner="SYSTEM" group="dba" mode="644" created="2021-12-31T06:13:44.59Z" modified="2021-12-31T06:13:44.59Z" filename="app.js" mimetype="application/javascript">
        <acl entries="0" version="1"/>
    </resource>
    <resource type="BinaryResource" name="styles.css" skip="no" owner="SYSTEM" group="dba" mode="644" created="2021-12-31T06:13:44.596Z" modified="2021-12-31T06:13:44.596Z" filename="styles.css" mimetype="text/css">
        <acl entries="0" version="1"/>
    </resource>
    <resource type="BinaryResource" name="readme.md" skip="no" owner="SYSTEM" group="dba" mode="644" created="2021-12-31T06:13:44.598Z" modified="2021-12-31T06:13:44.598Z" filename="readme.md" mimetype="text/markdown">
        <acl entries="0" version="1"/>
    </resource>
    <subcollection name="images" filename="images"/>
</collection>