<collection xmlns="http://exist.sourceforge.net/NS/exist" name="/db/apps/doc/data/docker/listings" version="1" owner="SYSTEM" group="dba" mode="755" created="2021-12-31T06:13:48.572Z">
    <acl entries="0" version="1"/>
    <resource type="BinaryResource" name="listing-5.txt" skip="no" owner="SYSTEM" group="dba" mode="644" created="2021-12-31T06:13:48.573Z" modified="2021-12-31T06:13:48.573Z" filename="listing-5.txt" mimetype="text/plain">
        <acl entries="0" version="1"/>
    </resource>
    <resource type="BinaryResource" name="listing-1.txt" skip="no" owner="SYSTEM" group="dba" mode="644" created="2021-12-31T06:13:48.576Z" modified="2021-12-31T06:13:48.576Z" filename="listing-1.txt" mimetype="text/plain">
        <acl entries="0" version="1"/>
    </resource>
    <resource type="BinaryResource" name="listing-4.txt" skip="no" owner="SYSTEM" group="dba" mode="644" created="2021-12-31T06:13:48.578Z" modified="2021-12-31T06:13:48.578Z" filename="listing-4.txt" mimetype="text/plain">
        <acl entries="0" version="1"/>
    </resource>
    <resource type="BinaryResource" name="listing-2.txt" skip="no" owner="SYSTEM" group="dba" mode="644" created="2021-12-31T06:13:48.579Z" modified="2021-12-31T06:13:48.579Z" filename="listing-2.txt" mimetype="text/plain">
        <acl entries="0" version="1"/>
    </resource>
    <resource type="BinaryResource" name="listing-3.txt" skip="no" owner="SYSTEM" group="dba" mode="644" created="2021-12-31T06:13:48.581Z" modified="2021-12-31T06:13:48.581Z" filename="listing-3.txt" mimetype="text/plain">
        <acl entries="0" version="1"/>
    </resource>
</collection>