<collection xmlns="http://exist.sourceforge.net/NS/exist" name="/db/apps/doc/data/configuration/listings" version="1" owner="SYSTEM" group="dba" mode="755" created="2021-12-31T06:13:48.208Z">
    <acl entries="0" version="1"/>
    <resource type="XMLResource" name="listing-5.xml" skip="no" owner="SYSTEM" group="dba" mode="644" created="2021-12-31T06:13:48.209Z" modified="2021-12-31T06:13:48.209Z" filename="listing-5.xml" mimetype="application/xml">
        <acl entries="0" version="1"/>
    </resource>
    <resource type="XMLResource" name="listing-6.xml" skip="no" owner="SYSTEM" group="dba" mode="644" created="2021-12-31T06:13:48.211Z" modified="2021-12-31T06:13:48.211Z" filename="listing-6.xml" mimetype="application/xml">
        <acl entries="0" version="1"/>
    </resource>
    <resource type="XMLResource" name="listing-8.xml" skip="no" owner="SYSTEM" group="dba" mode="644" created="2021-12-31T06:13:48.213Z" modified="2021-12-31T06:13:48.213Z" filename="listing-8.xml" mimetype="application/xml">
        <acl entries="0" version="1"/>
    </resource>
    <resource type="XMLResource" name="listing-2.xml" skip="no" owner="SYSTEM" group="dba" mode="644" created="2021-12-31T06:13:48.214Z" modified="2021-12-31T06:13:48.214Z" filename="listing-2.xml" mimetype="application/xml">
        <acl entries="0" version="1"/>
    </resource>
    <resource type="XMLResource" name="listing-10.xml" skip="no" owner="SYSTEM" group="dba" mode="644" created="2021-12-31T06:13:48.216Z" modified="2021-12-31T06:13:48.216Z" filename="listing-10.xml" mimetype="application/xml">
        <acl entries="0" version="1"/>
    </resource>
    <resource type="XMLResource" name="listing-9.xml" skip="no" owner="SYSTEM" group="dba" mode="644" created="2021-12-31T06:13:48.217Z" modified="2021-12-31T06:13:48.217Z" filename="listing-9.xml" mimetype="application/xml">
        <acl entries="0" version="1"/>
    </resource>
    <resource type="XMLResource" name="listing-4.xml" skip="no" owner="SYSTEM" group="dba" mode="644" created="2021-12-31T06:13:48.218Z" modified="2021-12-31T06:13:48.218Z" filename="listing-4.xml" mimetype="application/xml">
        <acl entries="0" version="1"/>
    </resource>
    <resource type="XMLResource" name="listing-1.xml" skip="no" owner="SYSTEM" group="dba" mode="644" created="2021-12-31T06:13:48.22Z" modified="2021-12-31T06:13:48.22Z" filename="listing-1.xml" mimetype="application/xml">
        <acl entries="0" version="1"/>
    </resource>
</collection>