<collection xmlns="http://exist.sourceforge.net/NS/exist" name="/db/apps/dashboard/resources/images" version="1" owner="SYSTEM" group="dba" mode="755" created="2021-12-31T06:13:44.601Z">
    <acl entries="0" version="1"/>
    <resource type="XMLResource" name="existdb-web.svg" skip="no" owner="SYSTEM" group="dba" mode="644" created="2021-12-31T06:13:44.602Z" modified="2021-12-31T06:13:44.602Z" filename="existdb-web.svg" mimetype="image/svg+xml">
        <acl entries="0" version="1"/>
    </resource>
    <resource type="XMLResource" name="logout.svg" skip="no" owner="SYSTEM" group="dba" mode="644" created="2021-12-31T06:13:44.606Z" modified="2021-12-31T06:13:44.606Z" filename="logout.svg" mimetype="image/svg+xml">
        <acl entries="0" version="1"/>
    </resource>
    <resource type="XMLResource" name="x.svg" skip="no" owner="SYSTEM" group="dba" mode="644" created="2021-12-31T06:13:44.608Z" modified="2021-12-31T06:13:44.608Z" filename="x.svg" mimetype="image/svg+xml">
        <acl entries="0" version="1"/>
    </resource>
    <resource type="XMLResource" name="launcher.svg" skip="no" owner="SYSTEM" group="dba" mode="644" created="2021-12-31T06:13:44.612Z" modified="2021-12-31T06:13:44.611Z" filename="launcher.svg" mimetype="image/svg+xml">
        <acl entries="0" version="1"/>
    </resource>
    <resource type="BinaryResource" name="existdb.png" skip="no" owner="SYSTEM" group="dba" mode="644" created="2021-12-31T06:13:44.613Z" modified="2021-12-31T06:13:44.613Z" filename="existdb.png" mimetype="image/png">
        <acl entries="0" version="1"/>
    </resource>
</collection>