<collection xmlns="http://exist.sourceforge.net/NS/exist" name="/db/apps/doc/data/incompatibilities/listings" version="1" owner="SYSTEM" group="dba" mode="755" created="2021-12-31T06:13:49.047Z">
    <acl entries="0" version="1"/>
    <resource type="XMLResource" name="listing-3.xml" skip="no" owner="SYSTEM" group="dba" mode="644" created="2021-12-31T06:13:49.048Z" modified="2021-12-31T06:13:49.048Z" filename="listing-3.xml" mimetype="application/xml">
        <acl entries="0" version="1"/>
    </resource>
    <resource type="XMLResource" name="listing-2.xml" skip="no" owner="SYSTEM" group="dba" mode="644" created="2021-12-31T06:13:49.051Z" modified="2021-12-31T06:13:49.051Z" filename="listing-2.xml" mimetype="application/xml">
        <acl entries="0" version="1"/>
    </resource>
    <resource type="BinaryResource" name="listing-1.txt" skip="no" owner="SYSTEM" group="dba" mode="644" created="2021-12-31T06:13:49.048Z" modified="2021-12-31T06:13:49.048Z" filename="listing-1.txt" mimetype="text/plain">
        <acl entries="0" version="1"/>
    </resource>
</collection>