<?xml version="1.0" encoding="UTF-8"?>
<?xml-model href="http://docbook.org/xml/5.0/rng/docbook.rng" schematypens="http://relaxng.org/ns/structure/1.0"?><?xml-model href="http://docbook.org/xml/5.0/rng/docbook.rng" type="application/xml" schematypens="http://purl.oclc.org/dsdl/schematron"?><article xmlns="http://docbook.org/ns/docbook" xmlns:xlink="http://www.w3.org/1999/xlink" version="5.0">
  <info>
    <title>Known Issues when upgrading</title>
    <date>1Q20</date>
    <keywordset>
      <keyword>operations</keyword>
    </keywordset>
  </info>

  <!-- ================================================================== -->

  <para>This article lists known incompatibilities when upgrading from an older version of eXist-db.</para>
  <!-- ================================================================== -->
  <sect1 xml:id="v5.0.0">
    <title>Upgrading to 5.0.0</title>

    <itemizedlist>
      <listitem>
        <para>eXist-db v5.0.0 is not binary compatible with previous versions of eXist-db because of new <literal>BLOB</literal> Store, which required changes to the collections.dbx and Journal. Before upgrading to this version of eXist-db, you MUST perform a full backup and restore.</para>
      </listitem>
    </itemizedlist>

  </sect1>

  <!-- ================================================================== -->
  <sect1 xml:id="v4.5.0">
    <title>Upgrading to 4.5.0</title>

    <itemizedlist>
      <listitem>
        <para>eXist-db v4.5.0 is not binary compatible with previous versions of eXist-db because of improvements to the on-disk journal format. Before upgrading to this version of eXist-db, you MUST perform a full backup and restore.</para>
      </listitem>
    </itemizedlist>

  </sect1>

  <!-- ================================================================== -->
  <sect1 xml:id="v4.0.0">
    <title>Upgrading to 4.0.0</title>

    <itemizedlist>
      <listitem>
        <para>eXist-db v4.0.0 is backwards binary-compatible as far as v3.0. However, Dasboard v. 0.4.9 and earlier are incompatible with this version of exist. Users should upgrade Dashboard to 0.4.10 before upgrading exist.</para>
      </listitem>
    </itemizedlist>

  </sect1>
  <sect1 xml:id="v3.0">
    <title>Upgrading to 3.0 stable</title>

    <itemizedlist>
      <listitem>
        <para>eXist-db v3.0 is not binary compatible with previous versions of eXist-db; the on-disk database file format has been updated, users should perform a full backup and restore to migrate their data.</para>
      </listitem>
      <listitem>
        <para>eXist.db v3.0 and subsequent versions now require
          <emphasis>Java 8</emphasis>; Users must update to Java 8!</para>
      </listitem>
      <listitem>
        <para>3.0 removes the the legacy Full Text Index and the text (http://exist-db.org/xquery/text) XQuery module. Users should now look toward
          <code>fn:analyze-string</code>, e.g.
        </para>
        <orderedlist>
          <listitem>
            <para>instead of using
              <code>text:groups()</code>
              use
              <code>analyze-string()//fn:group</code>,</para>
          </listitem>
          <listitem>
            <para>instead of
              <code>text:filter("apparat", "([pr])")</code>
              use
              <code>analyze-string("apparat", "([pr])")//fn:match/string())</code>.</para>
          </listitem>
        </orderedlist>
      </listitem>
      <listitem>
        <para>The SOAP APi, SOAP server, and XACML Security features were removed.</para>
      </listitem>
      <listitem>
        <para>The versioning extension is now available as a separate
          <link xlink:href="https://github.com/eXist-db/xquery-versioning-module">EXPATH package</link>
        </para>
      </listitem>
      <listitem>
        <para>XQueryService has been moved from
          <code>DBBroker</code>
          to
          <code>BrokerPool</code>.</para>
      </listitem>
      <listitem>
        <para>EXPath packages that incorporate Java libraries may no longer work with eXist-db v3.0 and may need to be recompiled for our API changes; packages should now explicitly specify the eXist-db versions that they are compatible with.</para>
      </listitem>
      <listitem>
        <para>eXist-db v3.0 is the culmination of almost 1,500 changes. For more information on new features head to the
          <link xlink:href="https://exist-db.org/exist/apps/wiki/blogs/eXist//eXist-db-v3">blog</link>.</para>
      </listitem>
    </itemizedlist>

  </sect1>

  <!-- ================================================================== -->

  <sect1 xml:id="v2.2">
    <title>Upgrading to 2.2 final</title>

    <itemizedlist>
      <listitem>
        <para>The 2.2 release is not binary compatible with the 1.4.x series. You need to backup/restore. If you experience problems with user logins after the restore, please restart eXist-db.</para>
      </listitem>
      <listitem>
        <para>2.2 introduces a
          <emphasis>new range index module</emphasis>. Old index definitions will still work though as we made sure to keep backwards compatible. If you would like to upgrade to the new index, check its
          <link xlink:href="newrangeindex">documentation</link>.</para>
      </listitem>
      <listitem>
        <para>The XQuery engine has been updated to support the changed syntax for
          <emphasis>maps in XQuery 3.1</emphasis>. The query parser will still accept the old syntax for map constructors though (<code>map { x:= "y"}</code>
          instead of
          <code>map { x: "y" }</code>
          in XQuery 3.1), so old code should run without modifications. All map module functions from XQuery 3.1 are
          <link xlink:href="{fundocs}/view.html?uri=http://www.w3.org/2005/xpath-functions/map">available</link>.</para>
      </listitem>
      <listitem>
        <para>The signatures for some
          <emphasis>higher-order utility functions</emphasis>
          like
          <code>fn:filter</code>,
          <code>fn:fold-left</code>
          and
          <code>fn:fold-right</code>
          have changed as well. Please review your use of those functions. Also,
          <code>fn:map</code>
          is now called
          <code>fn:for-each</code>, though the old name is still accepted.</para>
      </listitem>
      <listitem>
        <para>The bundled Lucene has been upgraded from 3.6.1 to 4.4 with this release. Depending on what Lucene analyzers you are using you need to change the classnames in your
          <literal>collection.xconf</literal>s. E.g. KeywordAnalyzer and WhitespaceAnalyzer has moved into package
          <literal>org.apache.lucene.analysis.core</literal>. Thus change, any occurrence of
          <literal>org.apache.lucene.analysis.WhitespaceAnalyzer</literal>
          into
          <literal>org.apache.lucene.analysis.core.WhitespaceAnalyzer</literal>
          and all other moved classes in the collection configurations and make sure you reindex your data before use. You get an error notice in the
          <literal>exist.log</literal>
          if you overlooked any occurrences.</para>
      </listitem>

    </itemizedlist>
  </sect1>

  <!-- ================================================================== -->

  <sect1 xml:id="v2.1">
    <title>Upgrading to 2.1</title>

    <para>The 2.1 release is not binary compatible with the 1.4.x series. You need to backup/restore.
    </para>
    <para>2.1 is binary compatible with 2.0 .</para>
  </sect1>

  <!-- ================================================================== -->

  <sect1 xml:id="v2.0">
    <title>Upgrading to 2.0</title>

    <para>The 2.0 release is not binary compatible with the 1.4.x series. You need to backup/restore.</para>

    <!-- - - - - - - - - - - - - - - - - - - - - - - - - - - - - - - - - - -->

    <sect2 xml:id="notes-2">
      <title>Special Notes</title>

      <variablelist>
        <varlistentry>
          <term>Permissions</term>
          <listitem>
            <para>eXist-db 2.0 closely follows the Unix security model (plus ACLs). Permissions have thus changed between 1.4.x and 2.0. In particular, there's now an execute permission, which is required to</para>
            <orderedlist>
              <listitem>
                <para>execute an XQuery via any of eXist-db's interfaces</para>
              </listitem>
              <listitem>
                <para>change into a collection to view or modify its contents</para>
              </listitem>
            </orderedlist>
            <para>eXist-db had an update permission instead of the execute permission. Support for the update permission has been dropped because it was not used widely.</para>
            <para>When restoring data from 1.4.x, you thus need to make sure that:</para>
            <orderedlist>
              <listitem>
                <para>collections have the appropriate execute permission</para>
              </listitem>
              <listitem>
                <para>XQueries are executable</para>
              </listitem>
            </orderedlist>
            <para>You can use an XQuery to automatically apply a default permission to every collection and XQuery, and then change them manually for some collections or resources.</para>
            <programlisting language="xquery" xlink:href="listings/listing-1.txt"/>
          </listitem>
        </varlistentry>
        <varlistentry>
          <term>Webapp Directory</term>
          <listitem>
            <para>Contrary to 1.4.x, eXist-db 2.0 stores most web applications into the database. The webapp directory is thus nearly empty. It is still possible to put your web application there and it should be accessible via the browser in the same way as before.</para>
          </listitem>
        </varlistentry>
      </variablelist>
    </sect2>
  </sect1>

  <!-- ================================================================== -->

  <sect1 xml:id="v1.4">
    <title>Upgrading to 1.4.0</title>

    <para>The 1.4 release is not binary compatible with the 1.2.x series. You need to backup/restore.</para>

    <!-- - - - - - - - - - - - - - - - - - - - - - - - - - - - - - - - - - -->

    <sect2 xml:id="notes-1">
      <title>Special Notes</title>

      <variablelist>
        <varlistentry>
          <term>Indexing</term>
          <listitem>
            <para>eXist-db 1.2.x used to create a default full text index on all elements in the db. This has been
              <emphasis>disabled</emphasis>. The main reasons for this are:</para>
            <orderedlist>
              <listitem>
                <para>maintaining the default index costs performance and memory, which could be better used for other indexes. The index may grow very fast, which can be a destabilizing factor.</para>
              </listitem>
              <listitem>
                <para>the index is unspecific. The query engine cannot use it as efficiently as a dedicated index on a set of named elements or attributes. Carefully creating your indexes by hand will result in much better performance.</para>
              </listitem>
            </orderedlist>
            <para>Please consider using the new Lucene-based full text index. However, if you need to switch back to the old behaviour to ensure backwards compatibility, just edit the system-wide defaults in conf.xml:</para>
            <programlisting language="xml" xlink:href="listings/listing-2.xml"/>
          </listitem>
        </varlistentry>
        <varlistentry>
          <term>Document Validation</term>
          <listitem>
            <para>Validation of XML documents during storage is now
              <emphasis>turned off by default</emphasis>
              in
              <literal>conf.xml</literal>:</para>
            <programlisting language="xml" xlink:href="listings/listing-3.xml"/>
            <para>The previous
              <literal>auto</literal>
              setting was apparently too confusing for new users who did not know what to do if eXist-db refused to store a document due to failing validation. If you are familiar with
              <link xlink:href="validation">validation</link>, the use of catalog files and the like, feel free to set the default back to
              <literal>auto</literal>
              or
              <literal>yes</literal>.</para>
          </listitem>
        </varlistentry>
        <varlistentry>
          <term>Cocoon</term>
          <listitem>
            <para>eXist-db does no longer require Cocoon for viewing documentation and samples. Cocoon has been largely replaced by eXist-db's own
              <link xlink:href="urlrewrite">URL rewriting and MVC framework</link>.</para>
            <para>Consequently, we now limit Cocoon to one directory of the web application (<literal>webapp/cocoon</literal>) and moved all the Cocoon samples in there. For the 1.5 version we completely removed Cocoon support.</para>
          </listitem>
        </varlistentry>
      </variablelist>
    </sect2>
  </sect1>
</article>