<collection xmlns="http://exist.sourceforge.net/NS/exist" name="/db/apps/doc/data/devguide_log4j/listings" version="1" owner="SYSTEM" group="dba" mode="755" created="2021-12-31T06:13:49.231Z">
    <acl entries="0" version="1"/>
    <resource type="XMLResource" name="listing-8.xml" skip="no" owner="SYSTEM" group="dba" mode="644" created="2021-12-31T06:13:49.244Z" modified="2021-12-31T06:13:49.243Z" filename="listing-8.xml" mimetype="application/xml">
        <acl entries="0" version="1"/>
    </resource>
    <resource type="XMLResource" name="listing-9.xml" skip="no" owner="SYSTEM" group="dba" mode="644" created="2021-12-31T06:13:49.247Z" modified="2021-12-31T06:13:49.247Z" filename="listing-9.xml" mimetype="application/xml">
        <acl entries="0" version="1"/>
    </resource>
    <resource type="XMLResource" name="listing-11.xml" skip="no" owner="SYSTEM" group="dba" mode="644" created="2021-12-31T06:13:49.247Z" modified="2021-12-31T06:13:49.247Z" filename="listing-11.xml" mimetype="application/xml">
        <acl entries="0" version="1"/>
    </resource>
    <resource type="BinaryResource" name="listing-5.txt" skip="no" owner="SYSTEM" group="dba" mode="644" created="2021-12-31T06:13:49.232Z" modified="2021-12-31T06:13:49.232Z" filename="listing-5.txt" mimetype="text/plain">
        <acl entries="0" version="1"/>
    </resource>
    <resource type="BinaryResource" name="listing-14.txt" skip="no" owner="SYSTEM" group="dba" mode="644" created="2021-12-31T06:13:49.236Z" modified="2021-12-31T06:13:49.236Z" filename="listing-14.txt" mimetype="text/plain">
        <acl entries="0" version="1"/>
    </resource>
    <resource type="BinaryResource" name="listing-18.txt" skip="no" owner="SYSTEM" group="dba" mode="644" created="2021-12-31T06:13:49.239Z" modified="2021-12-31T06:13:49.239Z" filename="listing-18.txt" mimetype="text/plain">
        <acl entries="0" version="1"/>
    </resource>
    <resource type="BinaryResource" name="listing-1.txt" skip="no" owner="SYSTEM" group="dba" mode="644" created="2021-12-31T06:13:49.24Z" modified="2021-12-31T06:13:49.24Z" filename="listing-1.txt" mimetype="text/plain">
        <acl entries="0" version="1"/>
    </resource>
    <resource type="BinaryResource" name="listing-4.txt" skip="no" owner="SYSTEM" group="dba" mode="644" created="2021-12-31T06:13:49.242Z" modified="2021-12-31T06:13:49.242Z" filename="listing-4.txt" mimetype="text/plain">
        <acl entries="0" version="1"/>
    </resource>
    <resource type="BinaryResource" name="listing-17.txt" skip="no" owner="SYSTEM" group="dba" mode="644" created="2021-12-31T06:13:49.245Z" modified="2021-12-31T06:13:49.245Z" filename="listing-17.txt" mimetype="text/plain">
        <acl entries="0" version="1"/>
    </resource>
    <resource type="BinaryResource" name="listing-7.txt" skip="no" owner="SYSTEM" group="dba" mode="644" created="2021-12-31T06:13:49.248Z" modified="2021-12-31T06:13:49.248Z" filename="listing-7.txt" mimetype="text/plain">
        <acl entries="0" version="1"/>
    </resource>
    <resource type="BinaryResource" name="listing-2.txt" skip="no" owner="SYSTEM" group="dba" mode="644" created="2021-12-31T06:13:49.251Z" modified="2021-12-31T06:13:49.251Z" filename="listing-2.txt" mimetype="text/plain">
        <acl entries="0" version="1"/>
    </resource>
    <resource type="BinaryResource" name="listing-3.txt" skip="no" owner="SYSTEM" group="dba" mode="644" created="2021-12-31T06:13:49.253Z" modified="2021-12-31T06:13:49.253Z" filename="listing-3.txt" mimetype="text/plain">
        <acl entries="0" version="1"/>
    </resource>
    <resource type="BinaryResource" name="listing-12.txt" skip="no" owner="SYSTEM" group="dba" mode="644" created="2021-12-31T06:13:49.255Z" modified="2021-12-31T06:13:49.255Z" filename="listing-12.txt" mimetype="text/plain">
        <acl entries="0" version="1"/>
    </resource>
    <resource type="BinaryResource" name="listing-6.txt" skip="no" owner="SYSTEM" group="dba" mode="644" created="2021-12-31T06:13:49.258Z" modified="2021-12-31T06:13:49.258Z" filename="listing-6.txt" mimetype="text/plain">
        <acl entries="0" version="1"/>
    </resource>
    <resource type="BinaryResource" name="listing-19.txt" skip="no" owner="SYSTEM" group="dba" mode="644" created="2021-12-31T06:13:49.26Z" modified="2021-12-31T06:13:49.26Z" filename="listing-19.txt" mimetype="text/plain">
        <acl entries="0" version="1"/>
    </resource>
    <resource type="BinaryResource" name="listing-13.txt" skip="no" owner="SYSTEM" group="dba" mode="644" created="2021-12-31T06:13:49.263Z" modified="2021-12-31T06:13:49.263Z" filename="listing-13.txt" mimetype="text/plain">
        <acl entries="0" version="1"/>
    </resource>
    <resource type="BinaryResource" name="listing-16.txt" skip="no" owner="SYSTEM" group="dba" mode="644" created="2021-12-31T06:13:49.264Z" modified="2021-12-31T06:13:49.264Z" filename="listing-16.txt" mimetype="text/plain">
        <acl entries="0" version="1"/>
    </resource>
</collection>