<collection xmlns="http://exist.sourceforge.net/NS/exist" name="/db/apps/doc/data/devguide_indexes/listings" version="1" owner="SYSTEM" group="dba" mode="755" created="2021-12-31T06:13:47.467Z">
    <acl entries="0" version="1"/>
    <resource type="XMLResource" name="listing-126.xml" skip="no" owner="SYSTEM" group="dba" mode="644" created="2021-12-31T06:13:47.491Z" modified="2021-12-31T06:13:47.491Z" filename="listing-126.xml" mimetype="application/xml">
        <acl entries="0" version="1"/>
    </resource>
    <resource type="XMLResource" name="listing-3.xml" skip="no" owner="SYSTEM" group="dba" mode="644" created="2021-12-31T06:13:47.495Z" modified="2021-12-31T06:13:47.495Z" filename="listing-3.xml" mimetype="application/xml">
        <acl entries="0" version="1"/>
    </resource>
    <resource type="XMLResource" name="listing-134.xml" skip="no" owner="SYSTEM" group="dba" mode="644" created="2021-12-31T06:13:47.496Z" modified="2021-12-31T06:13:47.496Z" filename="listing-134.xml" mimetype="application/xml">
        <acl entries="0" version="1"/>
    </resource>
    <resource type="XMLResource" name="listing-124.xml" skip="no" owner="SYSTEM" group="dba" mode="644" created="2021-12-31T06:13:47.501Z" modified="2021-12-31T06:13:47.501Z" filename="listing-124.xml" mimetype="application/xml">
        <acl entries="0" version="1"/>
    </resource>
    <resource type="XMLResource" name="listing-82.xml" skip="no" owner="SYSTEM" group="dba" mode="644" created="2021-12-31T06:13:47.562Z" modified="2021-12-31T06:13:47.562Z" filename="listing-82.xml" mimetype="application/xml">
        <acl entries="0" version="1"/>
    </resource>
    <resource type="XMLResource" name="listing-1.xml" skip="no" owner="SYSTEM" group="dba" mode="644" created="2021-12-31T06:13:47.57Z" modified="2021-12-31T06:13:47.57Z" filename="listing-1.xml" mimetype="application/xml">
        <acl entries="0" version="1"/>
    </resource>
    <resource type="BinaryResource" name="listing-118.txt" skip="no" owner="SYSTEM" group="dba" mode="644" created="2021-12-31T06:13:47.468Z" modified="2021-12-31T06:13:47.468Z" filename="listing-118.txt" mimetype="text/plain">
        <acl entries="0" version="1"/>
    </resource>
    <resource type="BinaryResource" name="listing-84.txt" skip="no" owner="SYSTEM" group="dba" mode="644" created="2021-12-31T06:13:47.474Z" modified="2021-12-31T06:13:47.474Z" filename="listing-84.txt" mimetype="text/plain">
        <acl entries="0" version="1"/>
    </resource>
    <resource type="BinaryResource" name="listing-72.txt" skip="no" owner="SYSTEM" group="dba" mode="644" created="2021-12-31T06:13:47.476Z" modified="2021-12-31T06:13:47.476Z" filename="listing-72.txt" mimetype="text/plain">
        <acl entries="0" version="1"/>
    </resource>
    <resource type="BinaryResource" name="listing-127.txt" skip="no" owner="SYSTEM" group="dba" mode="644" created="2021-12-31T06:13:47.478Z" modified="2021-12-31T06:13:47.478Z" filename="listing-127.txt" mimetype="text/plain">
        <acl entries="0" version="1"/>
    </resource>
    <resource type="BinaryResource" name="listing-107.txt" skip="no" owner="SYSTEM" group="dba" mode="644" created="2021-12-31T06:13:47.48Z" modified="2021-12-31T06:13:47.48Z" filename="listing-107.txt" mimetype="text/plain">
        <acl entries="0" version="1"/>
    </resource>
    <resource type="BinaryResource" name="listing-75.txt" skip="no" owner="SYSTEM" group="dba" mode="644" created="2021-12-31T06:13:47.483Z" modified="2021-12-31T06:13:47.483Z" filename="listing-75.txt" mimetype="text/plain">
        <acl entries="0" version="1"/>
    </resource>
    <resource type="BinaryResource" name="listing-104.txt" skip="no" owner="SYSTEM" group="dba" mode="644" created="2021-12-31T06:13:47.484Z" modified="2021-12-31T06:13:47.484Z" filename="listing-104.txt" mimetype="text/plain">
        <acl entries="0" version="1"/>
    </resource>
    <resource type="BinaryResource" name="listing-81.txt" skip="no" owner="SYSTEM" group="dba" mode="644" created="2021-12-31T06:13:47.486Z" modified="2021-12-31T06:13:47.486Z" filename="listing-81.txt" mimetype="text/plain">
        <acl entries="0" version="1"/>
    </resource>
    <resource type="BinaryResource" name="listing-106.txt" skip="no" owner="SYSTEM" group="dba" mode="644" created="2021-12-31T06:13:47.487Z" modified="2021-12-31T06:13:47.487Z" filename="listing-106.txt" mimetype="text/plain">
        <acl entries="0" version="1"/>
    </resource>
    <resource type="BinaryResource" name="listing-102.txt" skip="no" owner="SYSTEM" group="dba" mode="644" created="2021-12-31T06:13:47.489Z" modified="2021-12-31T06:13:47.489Z" filename="listing-102.txt" mimetype="text/plain">
        <acl entries="0" version="1"/>
    </resource>
    <resource type="BinaryResource" name="listing-80.txt" skip="no" owner="SYSTEM" group="dba" mode="644" created="2021-12-31T06:13:47.492Z" modified="2021-12-31T06:13:47.492Z" filename="listing-80.txt" mimetype="text/plain">
        <acl entries="0" version="1"/>
    </resource>
    <resource type="BinaryResource" name="listing-74.txt" skip="no" owner="SYSTEM" group="dba" mode="644" created="2021-12-31T06:13:47.499Z" modified="2021-12-31T06:13:47.499Z" filename="listing-74.txt" mimetype="text/plain">
        <acl entries="0" version="1"/>
    </resource>
    <resource type="BinaryResource" name="listing-98.txt" skip="no" owner="SYSTEM" group="dba" mode="644" created="2021-12-31T06:13:47.503Z" modified="2021-12-31T06:13:47.503Z" filename="listing-98.txt" mimetype="text/plain">
        <acl entries="0" version="1"/>
    </resource>
    <resource type="BinaryResource" name="listing-116.txt" skip="no" owner="SYSTEM" group="dba" mode="644" created="2021-12-31T06:13:47.504Z" modified="2021-12-31T06:13:47.504Z" filename="listing-116.txt" mimetype="text/plain">
        <acl entries="0" version="1"/>
    </resource>
    <resource type="BinaryResource" name="listing-79.txt" skip="no" owner="SYSTEM" group="dba" mode="644" created="2021-12-31T06:13:47.506Z" modified="2021-12-31T06:13:47.506Z" filename="listing-79.txt" mimetype="text/plain">
        <acl entries="0" version="1"/>
    </resource>
    <resource type="BinaryResource" name="listing-132.txt" skip="no" owner="SYSTEM" group="dba" mode="644" created="2021-12-31T06:13:47.508Z" modified="2021-12-31T06:13:47.508Z" filename="listing-132.txt" mimetype="text/plain">
        <acl entries="0" version="1"/>
    </resource>
    <resource type="BinaryResource" name="listing-100.txt" skip="no" owner="SYSTEM" group="dba" mode="644" created="2021-12-31T06:13:47.511Z" modified="2021-12-31T06:13:47.511Z" filename="listing-100.txt" mimetype="text/plain">
        <acl entries="0" version="1"/>
    </resource>
    <resource type="BinaryResource" name="listing-91.txt" skip="no" owner="SYSTEM" group="dba" mode="644" created="2021-12-31T06:13:47.515Z" modified="2021-12-31T06:13:47.515Z" filename="listing-91.txt" mimetype="text/plain">
        <acl entries="0" version="1"/>
    </resource>
    <resource type="BinaryResource" name="listing-114.txt" skip="no" owner="SYSTEM" group="dba" mode="644" created="2021-12-31T06:13:47.516Z" modified="2021-12-31T06:13:47.516Z" filename="listing-114.txt" mimetype="text/plain">
        <acl entries="0" version="1"/>
    </resource>
    <resource type="BinaryResource" name="listing-133.txt" skip="no" owner="SYSTEM" group="dba" mode="644" created="2021-12-31T06:13:47.519Z" modified="2021-12-31T06:13:47.519Z" filename="listing-133.txt" mimetype="text/plain">
        <acl entries="0" version="1"/>
    </resource>
    <resource type="BinaryResource" name="listing-87.txt" skip="no" owner="SYSTEM" group="dba" mode="644" created="2021-12-31T06:13:47.521Z" modified="2021-12-31T06:13:47.521Z" filename="listing-87.txt" mimetype="text/plain">
        <acl entries="0" version="1"/>
    </resource>
    <resource type="BinaryResource" name="listing-73.txt" skip="no" owner="SYSTEM" group="dba" mode="644" created="2021-12-31T06:13:47.523Z" modified="2021-12-31T06:13:47.523Z" filename="listing-73.txt" mimetype="text/plain">
        <acl entries="0" version="1"/>
    </resource>
    <resource type="BinaryResource" name="listing-97.txt" skip="no" owner="SYSTEM" group="dba" mode="644" created="2021-12-31T06:13:47.525Z" modified="2021-12-31T06:13:47.525Z" filename="listing-97.txt" mimetype="text/plain">
        <acl entries="0" version="1"/>
    </resource>
    <resource type="BinaryResource" name="listing-110.txt" skip="no" owner="SYSTEM" group="dba" mode="644" created="2021-12-31T06:13:47.527Z" modified="2021-12-31T06:13:47.527Z" filename="listing-110.txt" mimetype="text/plain">
        <acl entries="0" version="1"/>
    </resource>
    <resource type="BinaryResource" name="listing-92.txt" skip="no" owner="SYSTEM" group="dba" mode="644" created="2021-12-31T06:13:47.529Z" modified="2021-12-31T06:13:47.529Z" filename="listing-92.txt" mimetype="text/plain">
        <acl entries="0" version="1"/>
    </resource>
    <resource type="BinaryResource" name="listing-112.txt" skip="no" owner="SYSTEM" group="dba" mode="644" created="2021-12-31T06:13:47.53Z" modified="2021-12-31T06:13:47.53Z" filename="listing-112.txt" mimetype="text/plain">
        <acl entries="0" version="1"/>
    </resource>
    <resource type="BinaryResource" name="listing-111.txt" skip="no" owner="SYSTEM" group="dba" mode="644" created="2021-12-31T06:13:47.533Z" modified="2021-12-31T06:13:47.533Z" filename="listing-111.txt" mimetype="text/plain">
        <acl entries="0" version="1"/>
    </resource>
    <resource type="BinaryResource" name="listing-130.txt" skip="no" owner="SYSTEM" group="dba" mode="644" created="2021-12-31T06:13:47.535Z" modified="2021-12-31T06:13:47.535Z" filename="listing-130.txt" mimetype="text/plain">
        <acl entries="0" version="1"/>
    </resource>
    <resource type="BinaryResource" name="listing-77.txt" skip="no" owner="SYSTEM" group="dba" mode="644" created="2021-12-31T06:13:47.537Z" modified="2021-12-31T06:13:47.537Z" filename="listing-77.txt" mimetype="text/plain">
        <acl entries="0" version="1"/>
    </resource>
    <resource type="BinaryResource" name="listing-105.txt" skip="no" owner="SYSTEM" group="dba" mode="644" created="2021-12-31T06:13:47.539Z" modified="2021-12-31T06:13:47.539Z" filename="listing-105.txt" mimetype="text/plain">
        <acl entries="0" version="1"/>
    </resource>
    <resource type="BinaryResource" name="listing-129.txt" skip="no" owner="SYSTEM" group="dba" mode="644" created="2021-12-31T06:13:47.541Z" modified="2021-12-31T06:13:47.541Z" filename="listing-129.txt" mimetype="text/plain">
        <acl entries="0" version="1"/>
    </resource>
    <resource type="BinaryResource" name="listing-119.txt" skip="no" owner="SYSTEM" group="dba" mode="644" created="2021-12-31T06:13:47.542Z" modified="2021-12-31T06:13:47.542Z" filename="listing-119.txt" mimetype="text/plain">
        <acl entries="0" version="1"/>
    </resource>
    <resource type="BinaryResource" name="listing-109.txt" skip="no" owner="SYSTEM" group="dba" mode="644" created="2021-12-31T06:13:47.544Z" modified="2021-12-31T06:13:47.544Z" filename="listing-109.txt" mimetype="text/plain">
        <acl entries="0" version="1"/>
    </resource>
    <resource type="BinaryResource" name="listing-131.txt" skip="no" owner="SYSTEM" group="dba" mode="644" created="2021-12-31T06:13:47.545Z" modified="2021-12-31T06:13:47.545Z" filename="listing-131.txt" mimetype="text/plain">
        <acl entries="0" version="1"/>
    </resource>
    <resource type="BinaryResource" name="listing-90.txt" skip="no" owner="SYSTEM" group="dba" mode="644" created="2021-12-31T06:13:47.547Z" modified="2021-12-31T06:13:47.547Z" filename="listing-90.txt" mimetype="text/plain">
        <acl entries="0" version="1"/>
    </resource>
    <resource type="BinaryResource" name="listing-96.txt" skip="no" owner="SYSTEM" group="dba" mode="644" created="2021-12-31T06:13:47.55Z" modified="2021-12-31T06:13:47.55Z" filename="listing-96.txt" mimetype="text/plain">
        <acl entries="0" version="1"/>
    </resource>
    <resource type="BinaryResource" name="listing-71.txt" skip="no" owner="SYSTEM" group="dba" mode="644" created="2021-12-31T06:13:47.551Z" modified="2021-12-31T06:13:47.551Z" filename="listing-71.txt" mimetype="text/plain">
        <acl entries="0" version="1"/>
    </resource>
    <resource type="BinaryResource" name="listing-86.txt" skip="no" owner="SYSTEM" group="dba" mode="644" created="2021-12-31T06:13:47.552Z" modified="2021-12-31T06:13:47.552Z" filename="listing-86.txt" mimetype="text/plain">
        <acl entries="0" version="1"/>
    </resource>
    <resource type="BinaryResource" name="listing-76.txt" skip="no" owner="SYSTEM" group="dba" mode="644" created="2021-12-31T06:13:47.554Z" modified="2021-12-31T06:13:47.554Z" filename="listing-76.txt" mimetype="text/plain">
        <acl entries="0" version="1"/>
    </resource>
    <resource type="BinaryResource" name="listing-83.txt" skip="no" owner="SYSTEM" group="dba" mode="644" created="2021-12-31T06:13:47.555Z" modified="2021-12-31T06:13:47.555Z" filename="listing-83.txt" mimetype="text/plain">
        <acl entries="0" version="1"/>
    </resource>
    <resource type="BinaryResource" name="listing-113.txt" skip="no" owner="SYSTEM" group="dba" mode="644" created="2021-12-31T06:13:47.557Z" modified="2021-12-31T06:13:47.557Z" filename="listing-113.txt" mimetype="text/plain">
        <acl entries="0" version="1"/>
    </resource>
    <resource type="BinaryResource" name="listing-108.txt" skip="no" owner="SYSTEM" group="dba" mode="644" created="2021-12-31T06:13:47.559Z" modified="2021-12-31T06:13:47.559Z" filename="listing-108.txt" mimetype="text/plain">
        <acl entries="0" version="1"/>
    </resource>
    <resource type="BinaryResource" name="listing-85.txt" skip="no" owner="SYSTEM" group="dba" mode="644" created="2021-12-31T06:13:47.56Z" modified="2021-12-31T06:13:47.56Z" filename="listing-85.txt" mimetype="text/plain">
        <acl entries="0" version="1"/>
    </resource>
    <resource type="BinaryResource" name="listing-94.txt" skip="no" owner="SYSTEM" group="dba" mode="644" created="2021-12-31T06:13:47.563Z" modified="2021-12-31T06:13:47.563Z" filename="listing-94.txt" mimetype="text/plain">
        <acl entries="0" version="1"/>
    </resource>
    <resource type="BinaryResource" name="listing-103.txt" skip="no" owner="SYSTEM" group="dba" mode="644" created="2021-12-31T06:13:47.565Z" modified="2021-12-31T06:13:47.565Z" filename="listing-103.txt" mimetype="text/plain">
        <acl entries="0" version="1"/>
    </resource>
    <resource type="BinaryResource" name="listing-125.txt" skip="no" owner="SYSTEM" group="dba" mode="644" created="2021-12-31T06:13:47.566Z" modified="2021-12-31T06:13:47.566Z" filename="listing-125.txt" mimetype="text/plain">
        <acl entries="0" version="1"/>
    </resource>
    <resource type="BinaryResource" name="listing-115.txt" skip="no" owner="SYSTEM" group="dba" mode="644" created="2021-12-31T06:13:47.568Z" modified="2021-12-31T06:13:47.568Z" filename="listing-115.txt" mimetype="text/plain">
        <acl entries="0" version="1"/>
    </resource>
    <resource type="BinaryResource" name="listing-95.txt" skip="no" owner="SYSTEM" group="dba" mode="644" created="2021-12-31T06:13:47.571Z" modified="2021-12-31T06:13:47.571Z" filename="listing-95.txt" mimetype="text/plain">
        <acl entries="0" version="1"/>
    </resource>
    <resource type="BinaryResource" name="listing-117.txt" skip="no" owner="SYSTEM" group="dba" mode="644" created="2021-12-31T06:13:47.573Z" modified="2021-12-31T06:13:47.573Z" filename="listing-117.txt" mimetype="text/plain">
        <acl entries="0" version="1"/>
    </resource>
    <resource type="BinaryResource" name="listing-99.txt" skip="no" owner="SYSTEM" group="dba" mode="644" created="2021-12-31T06:13:47.575Z" modified="2021-12-31T06:13:47.575Z" filename="listing-99.txt" mimetype="text/plain">
        <acl entries="0" version="1"/>
    </resource>
    <resource type="BinaryResource" name="listing-89.txt" skip="no" owner="SYSTEM" group="dba" mode="644" created="2021-12-31T06:13:47.578Z" modified="2021-12-31T06:13:47.578Z" filename="listing-89.txt" mimetype="text/plain">
        <acl entries="0" version="1"/>
    </resource>
    <resource type="BinaryResource" name="listing-78.txt" skip="no" owner="SYSTEM" group="dba" mode="644" created="2021-12-31T06:13:47.579Z" modified="2021-12-31T06:13:47.579Z" filename="listing-78.txt" mimetype="text/plain">
        <acl entries="0" version="1"/>
    </resource>
    <resource type="BinaryResource" name="listing-88.txt" skip="no" owner="SYSTEM" group="dba" mode="644" created="2021-12-31T06:13:47.581Z" modified="2021-12-31T06:13:47.581Z" filename="listing-88.txt" mimetype="text/plain">
        <acl entries="0" version="1"/>
    </resource>
    <resource type="BinaryResource" name="listing-93.txt" skip="no" owner="SYSTEM" group="dba" mode="644" created="2021-12-31T06:13:47.582Z" modified="2021-12-31T06:13:47.582Z" filename="listing-93.txt" mimetype="text/plain">
        <acl entries="0" version="1"/>
    </resource>
    <resource type="BinaryResource" name="listing-101.txt" skip="no" owner="SYSTEM" group="dba" mode="644" created="2021-12-31T06:13:47.583Z" modified="2021-12-31T06:13:47.583Z" filename="listing-101.txt" mimetype="text/plain">
        <acl entries="0" version="1"/>
    </resource>
    <resource type="BinaryResource" name="listing-128.txt" skip="no" owner="SYSTEM" group="dba" mode="644" created="2021-12-31T06:13:47.585Z" modified="2021-12-31T06:13:47.585Z" filename="listing-128.txt" mimetype="text/plain">
        <acl entries="0" version="1"/>
    </resource>
</collection>