<collection xmlns="http://exist.sourceforge.net/NS/exist" name="/db/apps/doc/data/devguide_xmldb/listings" version="1" owner="SYSTEM" group="dba" mode="755" created="2021-12-31T06:13:48.498Z">
    <acl entries="0" version="1"/>
    <resource type="BinaryResource" name="listing-10.txt" skip="no" owner="SYSTEM" group="dba" mode="644" created="2021-12-31T06:13:48.499Z" modified="2021-12-31T06:13:48.499Z" filename="listing-10.txt" mimetype="text/plain">
        <acl entries="0" version="1"/>
    </resource>
    <resource type="BinaryResource" name="listing-1.txt" skip="no" owner="SYSTEM" group="dba" mode="644" created="2021-12-31T06:13:48.502Z" modified="2021-12-31T06:13:48.502Z" filename="listing-1.txt" mimetype="text/plain">
        <acl entries="0" version="1"/>
    </resource>
    <resource type="BinaryResource" name="listing-9.txt" skip="no" owner="SYSTEM" group="dba" mode="644" created="2021-12-31T06:13:48.504Z" modified="2021-12-31T06:13:48.504Z" filename="listing-9.txt" mimetype="text/plain">
        <acl entries="0" version="1"/>
    </resource>
    <resource type="BinaryResource" name="listing-7.txt" skip="no" owner="SYSTEM" group="dba" mode="644" created="2021-12-31T06:13:48.505Z" modified="2021-12-31T06:13:48.505Z" filename="listing-7.txt" mimetype="text/plain">
        <acl entries="0" version="1"/>
    </resource>
    <resource type="BinaryResource" name="listing-8.txt" skip="no" owner="SYSTEM" group="dba" mode="644" created="2021-12-31T06:13:48.507Z" modified="2021-12-31T06:13:48.507Z" filename="listing-8.txt" mimetype="text/plain">
        <acl entries="0" version="1"/>
    </resource>
    <resource type="BinaryResource" name="listing-2.txt" skip="no" owner="SYSTEM" group="dba" mode="644" created="2021-12-31T06:13:48.509Z" modified="2021-12-31T06:13:48.509Z" filename="listing-2.txt" mimetype="text/plain">
        <acl entries="0" version="1"/>
    </resource>
    <resource type="BinaryResource" name="listing-6.txt" skip="no" owner="SYSTEM" group="dba" mode="644" created="2021-12-31T06:13:48.511Z" modified="2021-12-31T06:13:48.511Z" filename="listing-6.txt" mimetype="text/plain">
        <acl entries="0" version="1"/>
    </resource>
</collection>