<collection xmlns="http://exist.sourceforge.net/NS/exist" name="/db/apps/doc/data/deployment/listings" version="1" owner="SYSTEM" group="dba" mode="755" created="2021-12-31T06:13:48.313Z">
    <acl entries="0" version="1"/>
    <resource type="XMLResource" name="listing-16.xml" skip="no" owner="SYSTEM" group="dba" mode="644" created="2021-12-31T06:13:48.321Z" modified="2021-12-31T06:13:48.321Z" filename="listing-16.xml" mimetype="application/xml">
        <acl entries="0" version="1"/>
    </resource>
    <resource type="XMLResource" name="listing-1.xml" skip="no" owner="SYSTEM" group="dba" mode="644" created="2021-12-31T06:13:48.323Z" modified="2021-12-31T06:13:48.323Z" filename="listing-1.xml" mimetype="application/xml">
        <acl entries="0" version="1"/>
    </resource>
    <resource type="XMLResource" name="listing-15.xml" skip="no" owner="SYSTEM" group="dba" mode="644" created="2021-12-31T06:13:48.327Z" modified="2021-12-31T06:13:48.327Z" filename="listing-15.xml" mimetype="application/xml">
        <acl entries="0" version="1"/>
    </resource>
    <resource type="BinaryResource" name="listing-18.txt" skip="no" owner="SYSTEM" group="dba" mode="644" created="2021-12-31T06:13:48.314Z" modified="2021-12-31T06:13:48.314Z" filename="listing-18.txt" mimetype="text/plain">
        <acl entries="0" version="1"/>
    </resource>
    <resource type="BinaryResource" name="listing-24.txt" skip="no" owner="SYSTEM" group="dba" mode="644" created="2021-12-31T06:13:48.319Z" modified="2021-12-31T06:13:48.319Z" filename="listing-24.txt" mimetype="text/plain">
        <acl entries="0" version="1"/>
    </resource>
    <resource type="BinaryResource" name="listing-26.txt" skip="no" owner="SYSTEM" group="dba" mode="644" created="2021-12-31T06:13:48.324Z" modified="2021-12-31T06:13:48.324Z" filename="listing-26.txt" mimetype="text/plain">
        <acl entries="0" version="1"/>
    </resource>
    <resource type="BinaryResource" name="listing-25.txt" skip="no" owner="SYSTEM" group="dba" mode="644" created="2021-12-31T06:13:48.328Z" modified="2021-12-31T06:13:48.328Z" filename="listing-25.txt" mimetype="text/plain">
        <acl entries="0" version="1"/>
    </resource>
</collection>