<collection xmlns="http://exist.sourceforge.net/NS/exist" name="/db/apps" version="1" owner="SYSTEM" group="dba" mode="755" created="2021-12-31T06:13:37.719Z">
    <acl entries="0" version="1"/>
    <subcollection name="packageservice" filename="packageservice"/>
    <subcollection name="dashboard" filename="dashboard"/>
    <subcollection name="eXide" filename="eXide"/>
    <subcollection name="doc" filename="doc"/>
    <subcollection name="fundocs" filename="fundocs"/>
    <subcollection name="monex" filename="monex"/>
    <subcollection name="markdown" filename="markdown"/>
    <subcollection name="shared-resources" filename="shared-resources"/>
</collection>