<collection xmlns="http://exist.sourceforge.net/NS/exist" name="/db/apps/doc/data/devguide_indexes/assets" version="1" owner="SYSTEM" group="dba" mode="755" created="2021-12-31T06:13:47.587Z">
    <acl entries="0" version="1"/>
    <resource type="BinaryResource" name="port-talbot.jpg" skip="no" owner="SYSTEM" group="dba" mode="644" created="2021-12-31T06:13:47.588Z" modified="2021-12-31T06:13:47.588Z" filename="port-talbot.jpg" mimetype="image/jpeg">
        <acl entries="0" version="1"/>
    </resource>
    <resource type="BinaryResource" name="rectangle.jpg" skip="no" owner="SYSTEM" group="dba" mode="644" created="2021-12-31T06:13:47.59Z" modified="2021-12-31T06:13:47.59Z" filename="rectangle.jpg" mimetype="image/jpeg">
        <acl entries="0" version="1"/>
    </resource>
    <resource type="BinaryResource" name="within.jpg" skip="no" owner="SYSTEM" group="dba" mode="644" created="2021-12-31T06:13:47.594Z" modified="2021-12-31T06:13:47.594Z" filename="within.jpg" mimetype="image/jpeg">
        <acl entries="0" version="1"/>
    </resource>
    <resource type="BinaryResource" name="buffer.jpg" skip="no" owner="SYSTEM" group="dba" mode="644" created="2021-12-31T06:13:47.596Z" modified="2021-12-31T06:13:47.596Z" filename="buffer.jpg" mimetype="image/jpeg">
        <acl entries="0" version="1"/>
    </resource>
    <resource type="BinaryResource" name="intersection.jpg" skip="no" owner="SYSTEM" group="dba" mode="644" created="2021-12-31T06:13:47.599Z" modified="2021-12-31T06:13:47.599Z" filename="intersection.jpg" mimetype="image/jpeg">
        <acl entries="0" version="1"/>
    </resource>
</collection>