<collection xmlns="http://exist.sourceforge.net/NS/exist" name="/db/apps/doc/data/beginners-guide-to-xrx-v4/listings" version="1" owner="SYSTEM" group="dba" mode="755" created="2021-12-31T06:13:49.078Z">
    <acl entries="0" version="1"/>
    <resource type="XMLResource" name="listing-6.xml" skip="no" owner="SYSTEM" group="dba" mode="644" created="2021-12-31T06:13:49.079Z" modified="2021-12-31T06:13:49.079Z" filename="listing-6.xml" mimetype="application/xml">
        <acl entries="0" version="1"/>
    </resource>
    <resource type="XMLResource" name="listing-23.xml" skip="no" owner="SYSTEM" group="dba" mode="644" created="2021-12-31T06:13:49.092Z" modified="2021-12-31T06:13:49.092Z" filename="listing-23.xml" mimetype="application/xml">
        <acl entries="0" version="1"/>
    </resource>
    <resource type="XMLResource" name="listing-9.xml" skip="no" owner="SYSTEM" group="dba" mode="644" created="2021-12-31T06:13:49.097Z" modified="2021-12-31T06:13:49.097Z" filename="listing-9.xml" mimetype="application/xml">
        <acl entries="0" version="1"/>
    </resource>
    <resource type="XMLResource" name="listing-18.xml" skip="no" owner="SYSTEM" group="dba" mode="644" created="2021-12-31T06:13:49.105Z" modified="2021-12-31T06:13:49.105Z" filename="listing-18.xml" mimetype="application/xml">
        <acl entries="0" version="1"/>
    </resource>
    <resource type="XMLResource" name="listing-1.xml" skip="no" owner="SYSTEM" group="dba" mode="644" created="2021-12-31T06:13:49.109Z" modified="2021-12-31T06:13:49.109Z" filename="listing-1.xml" mimetype="application/xml">
        <acl entries="0" version="1"/>
    </resource>
    <resource type="XMLResource" name="listing-13.xml" skip="no" owner="SYSTEM" group="dba" mode="644" created="2021-12-31T06:13:49.115Z" modified="2021-12-31T06:13:49.115Z" filename="listing-13.xml" mimetype="application/xml">
        <acl entries="0" version="1"/>
    </resource>
    <resource type="BinaryResource" name="listing-5.txt" skip="no" owner="SYSTEM" group="dba" mode="644" created="2021-12-31T06:13:49.08Z" modified="2021-12-31T06:13:49.08Z" filename="listing-5.txt" mimetype="text/plain">
        <acl entries="0" version="1"/>
    </resource>
    <resource type="BinaryResource" name="listing-14.txt" skip="no" owner="SYSTEM" group="dba" mode="644" created="2021-12-31T06:13:49.085Z" modified="2021-12-31T06:13:49.085Z" filename="listing-14.txt" mimetype="text/plain">
        <acl entries="0" version="1"/>
    </resource>
    <resource type="BinaryResource" name="listing-22.txt" skip="no" owner="SYSTEM" group="dba" mode="644" created="2021-12-31T06:13:49.087Z" modified="2021-12-31T06:13:49.087Z" filename="listing-22.txt" mimetype="text/plain">
        <acl entries="0" version="1"/>
    </resource>
    <resource type="BinaryResource" name="listing-4.txt" skip="no" owner="SYSTEM" group="dba" mode="644" created="2021-12-31T06:13:49.089Z" modified="2021-12-31T06:13:49.089Z" filename="listing-4.txt" mimetype="text/plain">
        <acl entries="0" version="1"/>
    </resource>
    <resource type="BinaryResource" name="listing-21.txt" skip="no" owner="SYSTEM" group="dba" mode="644" created="2021-12-31T06:13:49.09Z" modified="2021-12-31T06:13:49.09Z" filename="listing-21.txt" mimetype="text/plain">
        <acl entries="0" version="1"/>
    </resource>
    <resource type="BinaryResource" name="listing-17.txt" skip="no" owner="SYSTEM" group="dba" mode="644" created="2021-12-31T06:13:49.094Z" modified="2021-12-31T06:13:49.094Z" filename="listing-17.txt" mimetype="text/plain">
        <acl entries="0" version="1"/>
    </resource>
    <resource type="BinaryResource" name="listing-11.txt" skip="no" owner="SYSTEM" group="dba" mode="644" created="2021-12-31T06:13:49.096Z" modified="2021-12-31T06:13:49.096Z" filename="listing-11.txt" mimetype="text/plain">
        <acl entries="0" version="1"/>
    </resource>
    <resource type="BinaryResource" name="listing-7.txt" skip="no" owner="SYSTEM" group="dba" mode="644" created="2021-12-31T06:13:49.098Z" modified="2021-12-31T06:13:49.098Z" filename="listing-7.txt" mimetype="text/plain">
        <acl entries="0" version="1"/>
    </resource>
    <resource type="BinaryResource" name="listing-8.txt" skip="no" owner="SYSTEM" group="dba" mode="644" created="2021-12-31T06:13:49.101Z" modified="2021-12-31T06:13:49.101Z" filename="listing-8.txt" mimetype="text/plain">
        <acl entries="0" version="1"/>
    </resource>
    <resource type="BinaryResource" name="listing-2.txt" skip="no" owner="SYSTEM" group="dba" mode="644" created="2021-12-31T06:13:49.103Z" modified="2021-12-31T06:13:49.103Z" filename="listing-2.txt" mimetype="text/plain">
        <acl entries="0" version="1"/>
    </resource>
    <resource type="BinaryResource" name="listing-15.txt" skip="no" owner="SYSTEM" group="dba" mode="644" created="2021-12-31T06:13:49.106Z" modified="2021-12-31T06:13:49.106Z" filename="listing-15.txt" mimetype="text/plain">
        <acl entries="0" version="1"/>
    </resource>
    <resource type="BinaryResource" name="listing-3.txt" skip="no" owner="SYSTEM" group="dba" mode="644" created="2021-12-31T06:13:49.108Z" modified="2021-12-31T06:13:49.108Z" filename="listing-3.txt" mimetype="text/plain">
        <acl entries="0" version="1"/>
    </resource>
    <resource type="BinaryResource" name="listing-12.txt" skip="no" owner="SYSTEM" group="dba" mode="644" created="2021-12-31T06:13:49.11Z" modified="2021-12-31T06:13:49.11Z" filename="listing-12.txt" mimetype="text/plain">
        <acl entries="0" version="1"/>
    </resource>
    <resource type="BinaryResource" name="listing-20.txt" skip="no" owner="SYSTEM" group="dba" mode="644" created="2021-12-31T06:13:49.112Z" modified="2021-12-31T06:13:49.112Z" filename="listing-20.txt" mimetype="text/plain">
        <acl entries="0" version="1"/>
    </resource>
    <resource type="BinaryResource" name="listing-19.txt" skip="no" owner="SYSTEM" group="dba" mode="644" created="2021-12-31T06:13:49.113Z" modified="2021-12-31T06:13:49.113Z" filename="listing-19.txt" mimetype="text/plain">
        <acl entries="0" version="1"/>
    </resource>
    <resource type="BinaryResource" name="listing-16.txt" skip="no" owner="SYSTEM" group="dba" mode="644" created="2021-12-31T06:13:49.116Z" modified="2021-12-31T06:13:49.116Z" filename="listing-16.txt" mimetype="text/plain">
        <acl entries="0" version="1"/>
    </resource>
</collection>