<?xml version="1.0" encoding="UTF-8"?>
<collection xmlns="http://exist-db.org/collection-config/1.0">
  <index xmlns:xs="http://www.w3.org/2001/XMLSchema">
    <!-- Lucene index configuration -->
    <lucene>
      <!-- Use the standard analyzer will ignore stopwords like 'the', 'and' -->
      <analyzer class="org.apache.lucene.analysis.standard.StandardAnalyzer"/>
      <!-- an index boost can be used to give matches in the name a higher score. This means a name match will have higher rank then an match in the definition. -->
      <text match="//term/term-name" boost="2"/>
      <text match="//term/definition"/>
      <text match="//term/publish-status-code"/>
    </lucene>
    <!-- Range index configuration on the id attribute -->
    <!-- Most ids are integers but we will keep this general <create qname="id" type="xs:int"/> -->
    <range>
      <create qname="id" type="xs:string"/>
    </range>
  </index>
</collection>