<?xml version="1.0" encoding="UTF-8"?>
<html>
  <head>
    <title>
      Terms
    </title>
  </head>
  <body>
    <h1>
      Terms
    </h1>
    <ul>
      <li>
        <a href="views/list-items.xq">
          List Items
        </a>
      </li>
      <li>
        <a href="search/search-form.html">
          Search
        </a>
      </li>
      <li>
        <a href="edit/edit.xq?new=true">
          Create New Term
        </a>
      </li>
      <li>
        <a href="admin/reindex.xq">
          Reindex the collection
        </a>
      </li>
    </ul>
  </body>
</html>