<collection xmlns="http://exist.sourceforge.net/NS/exist" name="/db/apps/doc/data/backup/listings" version="1" owner="SYSTEM" group="dba" mode="755" created="2021-12-31T06:13:48.718Z">
    <acl entries="0" version="1"/>
    <resource type="XMLResource" name="listing-3.xml" skip="no" owner="SYSTEM" group="dba" mode="644" created="2021-12-31T06:13:48.722Z" modified="2021-12-31T06:13:48.722Z" filename="listing-3.xml" mimetype="application/xml">
        <acl entries="0" version="1"/>
    </resource>
    <resource type="XMLResource" name="listing-1.xml" skip="no" owner="SYSTEM" group="dba" mode="644" created="2021-12-31T06:13:48.729Z" modified="2021-12-31T06:13:48.729Z" filename="listing-1.xml" mimetype="application/xml">
        <acl entries="0" version="1"/>
    </resource>
    <resource type="BinaryResource" name="listing-10.txt" skip="no" owner="SYSTEM" group="dba" mode="644" created="2021-12-31T06:13:48.719Z" modified="2021-12-31T06:13:48.719Z" filename="listing-10.txt" mimetype="text/plain">
        <acl entries="0" version="1"/>
    </resource>
    <resource type="BinaryResource" name="listing-9.txt" skip="no" owner="SYSTEM" group="dba" mode="644" created="2021-12-31T06:13:48.723Z" modified="2021-12-31T06:13:48.723Z" filename="listing-9.txt" mimetype="text/plain">
        <acl entries="0" version="1"/>
    </resource>
    <resource type="BinaryResource" name="listing-11.txt" skip="no" owner="SYSTEM" group="dba" mode="644" created="2021-12-31T06:13:48.725Z" modified="2021-12-31T06:13:48.725Z" filename="listing-11.txt" mimetype="text/plain">
        <acl entries="0" version="1"/>
    </resource>
    <resource type="BinaryResource" name="listing-7.txt" skip="no" owner="SYSTEM" group="dba" mode="644" created="2021-12-31T06:13:48.727Z" modified="2021-12-31T06:13:48.727Z" filename="listing-7.txt" mimetype="text/plain">
        <acl entries="0" version="1"/>
    </resource>
    <resource type="BinaryResource" name="listing-2.txt" skip="no" owner="SYSTEM" group="dba" mode="644" created="2021-12-31T06:13:48.728Z" modified="2021-12-31T06:13:48.728Z" filename="listing-2.txt" mimetype="text/plain">
        <acl entries="0" version="1"/>
    </resource>
    <resource type="BinaryResource" name="listing-12.txt" skip="no" owner="SYSTEM" group="dba" mode="644" created="2021-12-31T06:13:48.731Z" modified="2021-12-31T06:13:48.731Z" filename="listing-12.txt" mimetype="text/plain">
        <acl entries="0" version="1"/>
    </resource>
    <resource type="BinaryResource" name="listing-6.txt" skip="no" owner="SYSTEM" group="dba" mode="644" created="2021-12-31T06:13:48.733Z" modified="2021-12-31T06:13:48.733Z" filename="listing-6.txt" mimetype="text/plain">
        <acl entries="0" version="1"/>
    </resource>
</collection>