<?xml version="1.0" encoding="UTF-8"?>
<?xml-model href="http://docbook.org/xml/5.0/rng/docbook.rng"
        schematypens="http://relaxng.org/ns/structure/1.0"?><?xml-model href="http://docbook.org/xml/5.0/rng/docbook.rng" type="application/xml"
        schematypens="http://purl.oclc.org/dsdl/schematron"?><article xmlns="http://docbook.org/ns/docbook" xmlns:xlink="http://www.w3.org/1999/xlink" version="5.0">

    <!-- ================================================================== -->

    <info>
        <title>Advanced Installation Methods</title>
        <date>1Q20</date>
        <keywordset>
            <keyword>installation</keyword>
            <keyword>operations</keyword>
        </keywordset>
    </info>

    <!-- ================================================================== -->

    <para>The eXist-db <link xlink:href="basic-installation">Basic Installation</link> article
        describes how to install and start eXist-db for basic usage. This article explains more
        advanced methods of installing and running eXist, for instance for a headless (no GUI)
        system, running it as a service, etc.</para>

    <!-- ================================================================== -->

    <sect1 xml:id="headless">
        <title>Headless Installation</title>
        <para>The <link xlink:href="basic-installation">Basic Installation</link> of eXist-db
            requires a graphical desktop. You can also install eXist on a headless (no GUI) system.
            For this launch the installer from the command line, using the <code>-console</code>
            option:</para>
        <programlisting>java -jar eXist-{version}.jar -console</programlisting>
        <para>In console mode, the installer will prompt for several parameters (almost like the GUI
            version does). A dump of a sample interaction is shown below:</para>
        <programlisting xlink:href="listings/listing-2.txt"/>
        <sect2 xml:id="docker-compose"><title>Multi-container environments</title>
            <para>We highly recommend configuring a <literal>docker-compose.yml</literal> for local development or integration into multi-container environments.</para>
            <programlisting xlink:href="listings/listing-1.txt"/>
            <para>You can see an example configuration file below. Note that e.g.<code>${EXIST_DATA_DIR}</code> can be passed from an external file, and the use of the <code>volume</code> instructions. For all the available options please consult the <link xlink:href="https://docs.docker.com/compose/">docker compose</link> documentation.</para>
            <programlisting xlink:href="listings/listing-6.txt"/>
        </sect2>
    </sect1>

    <!-- ================================================================== -->

    <sect1 xml:id="service">
        <title>Running eXist-db as a Service</title>
        <para>Instead of manually running the eXist-db server in a shell window, you can run it as a
            background service which is automatically launched during system start-up. This can be
            convenient, especially for servers. eXist-db continues to run even after users have
            logged off.</para>

        <!-- - - - - - - - - - - - - - - - - - - - - - - - - - - - - - - - - - -->

        <sect2 xml:id="windows">
            <title>Windows</title>
            <para>On Windows there are three identical options:</para>
            <itemizedlist>
                <listitem>
                    <para>Choose <guimenuitem>Install eXist-db as Service</guimenuitem> from the
                        eXist-db's system tray application.</para>
                </listitem>
                <listitem>
                    <para>Choose <guimenuitem>Install eXist-db as Service</guimenuitem> from
                        eXist-db's entry in the Windows start menu.</para>
                </listitem>
            </itemizedlist>
            <para>Installing eXist-db as a service on Windows requires full administrator
                rights.</para>

            <para>After installing eXist-db as a service, you'll find eXist-db in the list of
                services registered with Windows:</para>
            <informalfigure>
                <mediaobject>
                    <imageobject>
                        <imagedata fileref="assets/services.png"/>
                    </imageobject>
                </mediaobject>
            </informalfigure>
        </sect2>

        <!-- - - - - - - - - - - - - - - - - - - - - - - - - - - - - - - - - - -->

        <sect2 xml:id="linux">
            <title>Unix/Linux</title>
            <para> If your system supports <code>systemd</code> you can run the service wrapper as a
                non-privileged user.</para>
            <para>Begin by creating a new user in your system which is being created specifically to
                run eXist-db as a service. You can do this by typing the following command:</para>
            <programlisting>sudo adduser --system --shell /sbin/nologin --comment "eXist-db Service Account" existdb</programlisting>
            <para>This command creates a new system user named "existdb" which does not need to
                login in order to run a service. In order for this new system user to be able to run
                eXist-db, we need to change the permission of eXist-db to match this new user. You
                do so by navigating to your <literal>$EXIST_HOME</literal> folder and typing the
                following two commands:</para>
            <programlisting xlink:href="listings/listing-3.txt"/>
            <para>These two commmands modify the ownership and group permissions recursively
                throughout the whole eXist-db project to your new existdb system user. Now only this
                user can run eXist-db. Next, navigate to the <literal>/etc/systemd/system</literal>
                sub-directory. Once there, create an existdb.service file which contains the
                following information at a minimum:</para>
            <programlisting xlink:href="listings/listing-4.txt"/>
            <para>Once this file is stored in this location, you need to update permissions. Give
                ownership of this file to the exist user by using the following commands:</para>
            <programlisting xlink:href="listings/listing-5.txt"/>
            <para>You can then install the existdb service, by runniung <code>sudo systemctl daemon-reload &amp;&amp; sudo systemctl enable existdb</code>.
                If you then want to start eXist-db as a service, run <code>sudo systemctl start existdb</code>.</para>
            <para>Below is a list of common commands to interact with the newly created and
                configured service:</para>
            <itemizedlist>
                <listitem>
                    <para><code>sudo systemctl start existdb</code> - Enter command to
                        start eXist-db</para>
                </listitem>
                <listitem>
                    <para><code>sudo systemctl stop existdb</code> - Enter command to stop
                        eXist-db</para>
                </listitem>
                <listitem>
                    <para><code>sudo systemctl enable existdb</code> - Enter command to
                        enable eXist-db to automatically start running after a reboot of your
                        system</para>
                </listitem>
                <listitem>
                    <para><code>sudo systemctl disable existdb</code> - Enter commande to
                        disable eXist-db from automatically starting after a reboot of your
                        system</para>
                </listitem>
                <listitem>
                    <para><code>sudo systemctl restart existdb</code> - Enter command to
                        restart eXist-db</para>
                </listitem>
                <listitem>
                    <para><code>systemctl status existdb</code> - Enter command to check the status
                        of eXist-db</para>
                </listitem>
                <listitem>
                    <para><code>journalctl</code> - Run the following command to check systemd
                        journal</para>
                </listitem>
            </itemizedlist>
        </sect2>
    </sect1>

    <!-- ================================================================== -->

    <sect1 xml:id="bin-executables">
        <title>Alternatives for scripts in the bin Directory</title>

        <para>Included in the distribution are a number of useful <literal>.sh</literal> (Unix
            Shell) and <literal>.bat</literal> (Windows batch) programs located in the
            <literal>bin</literal> sub-directory. Their names speak for themselves.</para>
        <para>However, if you find that programs do not launch, you can try to manually launch them
            on the command-line without the scripting wrapper. This often provides useful debugging
            information.</para>
        <para>To manually launch these scripts, give the following commands:</para>
        <variablelist>
            <varlistentry>
                <term> <code>startup.sh</code> (Unix) / <code>startup.bat</code> (Windows)</term>
                <listitem>
                    <para>Starts the included Jetty web server at port 8080. eXist runs as a web
                        application, located at <link xlink:href="http://localhost:8080/exist/">http://localhost:8080/exist/</link>. </para>
                </listitem>
            </varlistentry>
            <varlistentry>
                <term> <code>shutdown.sh</code> (Unix) / <code>shutdown.bat</code> (Windows)</term>
                <listitem>
                    <programlisting>shutdown.sh -p youradminpassword</programlisting>
                    <para>Closes the running instance of eXist. If eXist has been started with
                        <literal>startup.sh</literal>, calling <literal>shutdown.sh</literal> will
                        also stop the Jetty web server. Otherwise, only the database is stopped by
                        this call (since eXist has no control over the environment in which it is
                        running). You should <emphasis>always</emphasis> call
                        <literal>shutdown</literal> before killing the server process.</para>
                </listitem>
            </varlistentry>
            <varlistentry>
                <term> <code>client.sh</code> (Unix) / <code>client.bat</code> (Windows)</term>
                <listitem>
                    <para>Use one of these scripts to launch the <link xlink:href="java-admin-client">Java Admin Client</link>.</para>
                </listitem>
            </varlistentry>
        </variablelist>
    </sect1>
</article>