<collection xmlns="http://exist.sourceforge.net/NS/exist" name="/db" version="1" owner="SYSTEM" group="dba" mode="755" created="2021-12-31T06:12:36.363Z">
    <acl entries="0" version="1"/>
    <resource type="XMLResource" name="si.xml" skip="no" owner="admin" group="dba" mode="775" created="2021-12-31T06:54:25.664Z" modified="2021-12-31T06:54:25.664Z" filename="si.xml" mimetype="application/xml">
        <acl entries="0" version="1"/>
    </resource>
    <subcollection name="system" filename="system"/>
    <subcollection name="apps" filename="apps"/>
    <subcollection name="mitford" filename="mitford"/>
    <subcollection name="output" filename="output"/>
    <subcollection name="queries" filename="queries"/>
    <subcollection name="xslt" filename="xslt"/>
</collection>