<collection xmlns="http://exist.sourceforge.net/NS/exist" name="/db/apps/doc/data/contentextraction/listings" version="1" owner="SYSTEM" group="dba" mode="755" created="2021-12-31T06:13:48.791Z">
    <acl entries="0" version="1"/>
    <resource type="BinaryResource" name="listing-4.txt" skip="no" owner="SYSTEM" group="dba" mode="644" created="2021-12-31T06:13:48.792Z" modified="2021-12-31T06:13:48.792Z" filename="listing-4.txt" mimetype="text/plain">
        <acl entries="0" version="1"/>
    </resource>
    <resource type="BinaryResource" name="listing-2.txt" skip="no" owner="SYSTEM" group="dba" mode="644" created="2021-12-31T06:13:48.794Z" modified="2021-12-31T06:13:48.794Z" filename="listing-2.txt" mimetype="text/plain">
        <acl entries="0" version="1"/>
    </resource>
    <resource type="BinaryResource" name="listing-3.txt" skip="no" owner="SYSTEM" group="dba" mode="644" created="2021-12-31T06:13:48.796Z" modified="2021-12-31T06:13:48.796Z" filename="listing-3.txt" mimetype="text/plain">
        <acl entries="0" version="1"/>
    </resource>
    <resource type="BinaryResource" name="listing-6.txt" skip="no" owner="SYSTEM" group="dba" mode="644" created="2021-12-31T06:13:48.798Z" modified="2021-12-31T06:13:48.798Z" filename="listing-6.txt" mimetype="text/plain">
        <acl entries="0" version="1"/>
    </resource>
</collection>