<collection xmlns="http://exist.sourceforge.net/NS/exist" name="/db/apps/doc/data/backup/assets" version="1" owner="SYSTEM" group="dba" mode="755" created="2021-12-31T06:13:48.734Z">
    <acl entries="0" version="1"/>
    <resource type="BinaryResource" name="Backup.png" skip="no" owner="SYSTEM" group="dba" mode="644" created="2021-12-31T06:13:48.735Z" modified="2021-12-31T06:13:48.735Z" filename="Backup.png" mimetype="image/png">
        <acl entries="0" version="1"/>
    </resource>
    <resource type="BinaryResource" name="backup1.png" skip="no" owner="SYSTEM" group="dba" mode="644" created="2021-12-31T06:13:48.738Z" modified="2021-12-31T06:13:48.738Z" filename="backup1.png" mimetype="image/png">
        <acl entries="0" version="1"/>
    </resource>
    <resource type="BinaryResource" name="exportgui.png" skip="no" owner="SYSTEM" group="dba" mode="644" created="2021-12-31T06:13:48.74Z" modified="2021-12-31T06:13:48.74Z" filename="exportgui.png" mimetype="image/png">
        <acl entries="0" version="1"/>
    </resource>
    <resource type="BinaryResource" name="backup3.png" skip="no" owner="SYSTEM" group="dba" mode="644" created="2021-12-31T06:13:48.742Z" modified="2021-12-31T06:13:48.742Z" filename="backup3.png" mimetype="image/png">
        <acl entries="0" version="1"/>
    </resource>
    <resource type="BinaryResource" name="jconsole.png" skip="no" owner="SYSTEM" group="dba" mode="644" created="2021-12-31T06:13:48.745Z" modified="2021-12-31T06:13:48.745Z" filename="jconsole.png" mimetype="image/png">
        <acl entries="0" version="1"/>
    </resource>
</collection>