<collection xmlns="http://exist.sourceforge.net/NS/exist" name="/db/apps/doc/data/kwic/listings" version="1" owner="SYSTEM" group="dba" mode="755" created="2021-12-31T06:13:48.893Z">
    <acl entries="0" version="1"/>
    <resource type="XMLResource" name="listing-4.xml" skip="no" owner="SYSTEM" group="dba" mode="644" created="2021-12-31T06:13:48.9Z" modified="2021-12-31T06:13:48.9Z" filename="listing-4.xml" mimetype="application/xml">
        <acl entries="0" version="1"/>
    </resource>
    <resource type="BinaryResource" name="listing-5.txt" skip="no" owner="SYSTEM" group="dba" mode="644" created="2021-12-31T06:13:48.894Z" modified="2021-12-31T06:13:48.894Z" filename="listing-5.txt" mimetype="text/plain">
        <acl entries="0" version="1"/>
    </resource>
    <resource type="BinaryResource" name="listing-9.txt" skip="no" owner="SYSTEM" group="dba" mode="644" created="2021-12-31T06:13:48.896Z" modified="2021-12-31T06:13:48.896Z" filename="listing-9.txt" mimetype="text/plain">
        <acl entries="0" version="1"/>
    </resource>
    <resource type="BinaryResource" name="listing-7.txt" skip="no" owner="SYSTEM" group="dba" mode="644" created="2021-12-31T06:13:48.898Z" modified="2021-12-31T06:13:48.898Z" filename="listing-7.txt" mimetype="text/plain">
        <acl entries="0" version="1"/>
    </resource>
    <resource type="BinaryResource" name="listing-3.txt" skip="no" owner="SYSTEM" group="dba" mode="644" created="2021-12-31T06:13:48.901Z" modified="2021-12-31T06:13:48.901Z" filename="listing-3.txt" mimetype="text/plain">
        <acl entries="0" version="1"/>
    </resource>
    <resource type="BinaryResource" name="listing-6.txt" skip="no" owner="SYSTEM" group="dba" mode="644" created="2021-12-31T06:13:48.904Z" modified="2021-12-31T06:13:48.904Z" filename="listing-6.txt" mimetype="text/plain">
        <acl entries="0" version="1"/>
    </resource>
</collection>