<collection xmlns="http://exist.sourceforge.net/NS/exist" name="/db/apps/doc/data" version="1" owner="SYSTEM" group="dba" mode="755" created="2021-12-31T06:13:47.195Z">
    <acl entries="0" version="1"/>
    <subcollection name="ngram" filename="ngram"/>
    <subcollection name="java-admin-client" filename="java-admin-client"/>
    <subcollection name="devguide_indexes" filename="devguide_indexes"/>
    <subcollection name="uploading-files" filename="uploading-files"/>
    <subcollection name="templating" filename="templating"/>
    <subcollection name="xqsuite" filename="xqsuite"/>
    <subcollection name="documentation" filename="documentation"/>
    <subcollection name="production_good_practice" filename="production_good_practice"/>
    <subcollection name="xmldb" filename="xmldb"/>
    <subcollection name="xquery" filename="xquery"/>
    <subcollection name="newrangeindex" filename="newrangeindex"/>
    <subcollection name="devguide_xmlrpc" filename="devguide_xmlrpc"/>
    <subcollection name="devguide_codereview" filename="devguide_codereview"/>
    <subcollection name="production_web_proxying" filename="production_web_proxying"/>
    <subcollection name="faq_performance" filename="faq_performance"/>
    <subcollection name="ant-tasks" filename="ant-tasks"/>
    <subcollection name="versioning" filename="versioning"/>
    <subcollection name="upgrading" filename="upgrading"/>
    <subcollection name="configuration" filename="configuration"/>
    <subcollection name="getting-help-how-to-report" filename="getting-help-how-to-report"/>
    <subcollection name="webdav" filename="webdav"/>
    <subcollection name="oldrangeindex" filename="oldrangeindex"/>
    <subcollection name="indexing" filename="indexing"/>
    <subcollection name="deployment" filename="deployment"/>
    <subcollection name="tuning" filename="tuning"/>
    <subcollection name="security" filename="security"/>
    <subcollection name="update_ext" filename="update_ext"/>
    <subcollection name="jmx" filename="jmx"/>
    <subcollection name="legal" filename="legal"/>
    <subcollection name="devguide_xmldb" filename="devguide_xmldb"/>
    <subcollection name="advanced-installation" filename="advanced-installation"/>
    <subcollection name="triggers" filename="triggers"/>
    <subcollection name="docker" filename="docker"/>
    <subcollection name="devguide_soap" filename="devguide_soap"/>
    <subcollection name="xinclude" filename="xinclude"/>
    <subcollection name="scheduler" filename="scheduler"/>
    <subcollection name="validation" filename="validation"/>
    <subcollection name="xsl-transform" filename="xsl-transform"/>
    <subcollection name="oxygen" filename="oxygen"/>
    <subcollection name="backup" filename="backup"/>
    <subcollection name="author-reference" filename="author-reference"/>
    <subcollection name="contentextraction" filename="contentextraction"/>
    <subcollection name="http-request-session" filename="http-request-session"/>
    <subcollection name="extensions" filename="extensions"/>
    <subcollection name="repo" filename="repo"/>
    <subcollection name="dashboard" filename="dashboard"/>
    <subcollection name="datasync" filename="datasync"/>
    <subcollection name="kwic" filename="kwic"/>
    <subcollection name="devguide_manifesto" filename="devguide_manifesto"/>
    <subcollection name="urlrewrite" filename="urlrewrite"/>
    <subcollection name="using-collections" filename="using-collections"/>
    <subcollection name="troubleshooting" filename="troubleshooting"/>
    <subcollection name="basic-installation" filename="basic-installation"/>
    <subcollection name="learning-xquery" filename="learning-xquery"/>
    <subcollection name="incompatibilities" filename="incompatibilities"/>
    <subcollection name="beginners-guide-to-xrx-v4" filename="beginners-guide-to-xrx-v4"/>
    <subcollection name="integration-testing" filename="integration-testing"/>
    <subcollection name="testing" filename="testing"/>
    <subcollection name="getting-help" filename="getting-help"/>
    <subcollection name="xqdoc" filename="xqdoc"/>
    <subcollection name="devguide_log4j" filename="devguide_log4j"/>
    <subcollection name="lucene" filename="lucene"/>
    <subcollection name="devguide_rest" filename="devguide_rest"/>
    <subcollection name="xforms" filename="xforms"/>
    <subcollection name="exist-building" filename="exist-building"/>
    <subcollection name="properties" filename="properties"/>
    <subcollection name="development-starter" filename="development-starter"/>
</collection>